id,name,country,region,altitude_range,climate_notes,tea_types,cultivars
afe5f3f2-f70c-4fb2-92dc-032fe3166bc2,"Anji County, Zhejiang",China,Zhejiang,400-800m,"Mountainous region with bamboo forests, cool misty climate ideal for green tea",Da Hong Pao; English Breakfast; Ti Kuan Yin; Sencha; Matcha; Sheng; Darjeeling; Earl Grey,Shizu-7132; Yiwu Da Ye Zhong; Shi Da Cha; Wuyi Cai Cha; Mao Xie; Si Ji Chun; Ujihikari; Long Jing Qunti Zhong; Saemidori; Xing Ren Xiang; Okuhikari; Kirari 31; Okumidori; Chin Hsin; Inzatsu 131; Bei Dou; Hong Yun; Huang Guan Yin; Da Hong Pao; Zhi Lan Xiang; Anji Bai Cha; Tie Guan Yin; Fuding Da Bai; Kanayamidori; Shui Jin Gui; Cui Yu; Sofu; Shui Xian; Taiwanese Wild Tea; Qi Men Zhong; Tie Luo Han; Da Ye Zhong; Zi Juan; Song Zhong; Goko; Ben Shan; Benifuki; Jin Xuan; Hong Yu; Mengku Da Ye Zhong; Mi Lan Xiang; Tong Tian Xiang; Benihikari; Bai Ji Guan; Koshun; Qi Lan; Huangshan Qunti Zhong; Oku Yutaka; Rou Gui; Ying Xiang; Zhenghe Da Bai; Ya Shi Xiang; Wu Yi; Yutakamidori; Zairai; Qing Xin; Qing Xin Da Mao; Samidori; Asahi; Bai Wen; Komakage; Meiryoku; Mei Zhan; Liu An Gua Pian; Fo Shou; Ju Duo Zai; Long Jing #43; Da Yeh Oolong; Bi Luo Chun Qunti; Gui Hua Xiang; Que She; Huang Jin Gui; Mengding Ganlu; Ban Tian Yao; Ba Xian; Qing Xin Gan Zhi; Asatsuyu
1055f69d-decc-461d-8997-2eb74e18ba6c,"West Lake, Hangzhou",China,Zhejiang,100-300m,"Lake microclimate with morning mist, perfect for Long Jing cultivation",Da Hong Pao; English Breakfast; Ti Kuan Yin; Sencha; Matcha; Sheng; Darjeeling; Earl Grey,Shizu-7132; Yiwu Da Ye Zhong; Shi Da Cha; Wuyi Cai Cha; Mao Xie; Si Ji Chun; Ujihikari; Long Jing Qunti Zhong; Saemidori; Xing Ren Xiang; Okuhikari; Kirari 31; Okumidori; Chin Hsin; Inzatsu 131; Bei Dou; Hong Yun; Huang Guan Yin; Da Hong Pao; Zhi Lan Xiang; Anji Bai Cha; Tie Guan Yin; Fuding Da Bai; Kanayamidori; Shui Jin Gui; Cui Yu; Sofu; Shui Xian; Taiwanese Wild Tea; Qi Men Zhong; Tie Luo Han; Da Ye Zhong; Zi Juan; Song Zhong; Goko; Ben Shan; Benifuki; Jin Xuan; Hong Yu; Mengku Da Ye Zhong; Mi Lan Xiang; Tong Tian Xiang; Benihikari; Bai Ji Guan; Koshun; Qi Lan; Huangshan Qunti Zhong; Oku Yutaka; Rou Gui; Ying Xiang; Zhenghe Da Bai; Ya Shi Xiang; Wu Yi; Yutakamidori; Zairai; Qing Xin; Qing Xin Da Mao; Samidori; Asahi; Bai Wen; Komakage; Meiryoku; Mei Zhan; Liu An Gua Pian; Fo Shou; Ju Duo Zai; Long Jing #43; Da Yeh Oolong; Bi Luo Chun Qunti; Gui Hua Xiang; Que She; Huang Jin Gui; Mengding Ganlu; Ban Tian Yao; Ba Xian; Qing Xin Gan Zhi; Asatsuyu
8a1c8188-9fa8-49b8-8ca2-54258867843f,"Shifeng Mountain, Hangzhou",China,Zhejiang,150-300m,"Core West Lake scenic area, optimal terroir for premium Long Jing",Da Hong Pao; English Breakfast; Ti Kuan Yin; Sencha; Matcha; Sheng; Darjeeling; Earl Grey,Shizu-7132; Yiwu Da Ye Zhong; Shi Da Cha; Wuyi Cai Cha; Mao Xie; Si Ji Chun; Ujihikari; Long Jing Qunti Zhong; Saemidori; Xing Ren Xiang; Okuhikari; Kirari 31; Okumidori; Chin Hsin; Inzatsu 131; Bei Dou; Hong Yun; Huang Guan Yin; Da Hong Pao; Zhi Lan Xiang; Anji Bai Cha; Tie Guan Yin; Fuding Da Bai; Kanayamidori; Shui Jin Gui; Cui Yu; Sofu; Shui Xian; Taiwanese Wild Tea; Qi Men Zhong; Tie Luo Han; Da Ye Zhong; Zi Juan; Song Zhong; Goko; Ben Shan; Benifuki; Jin Xuan; Hong Yu; Mengku Da Ye Zhong; Mi Lan Xiang; Tong Tian Xiang; Benihikari; Bai Ji Guan; Koshun; Qi Lan; Huangshan Qunti Zhong; Oku Yutaka; Rou Gui; Ying Xiang; Zhenghe Da Bai; Ya Shi Xiang; Wu Yi; Yutakamidori; Zairai; Qing Xin; Qing Xin Da Mao; Samidori; Asahi; Bai Wen; Komakage; Meiryoku; Mei Zhan; Liu An Gua Pian; Fo Shou; Ju Duo Zai; Long Jing #43; Da Yeh Oolong; Bi Luo Chun Qunti; Gui Hua Xiang; Que She; Huang Jin Gui; Mengding Ganlu; Ban Tian Yao; Ba Xian; Qing Xin Gan Zhi; Asatsuyu
26a40018-41cd-4a8c-add6-841bfa10d485,"Anxi County, Fujian",China,Fujian,300-1000m,"Mountainous terrain with red soil, ideal for oolong cultivation",Da Hong Pao; English Breakfast; Ti Kuan Yin; Sencha; Matcha; Sheng; Darjeeling; Earl Grey,Shizu-7132; Yiwu Da Ye Zhong; Shi Da Cha; Wuyi Cai Cha; Mao Xie; Si Ji Chun; Ujihikari; Long Jing Qunti Zhong; Saemidori; Xing Ren Xiang; Okuhikari; Kirari 31; Okumidori; Chin Hsin; Inzatsu 131; Bei Dou; Hong Yun; Huang Guan Yin; Da Hong Pao; Zhi Lan Xiang; Anji Bai Cha; Tie Guan Yin; Fuding Da Bai; Kanayamidori; Shui Jin Gui; Cui Yu; Sofu; Shui Xian; Taiwanese Wild Tea; Qi Men Zhong; Tie Luo Han; Da Ye Zhong; Zi Juan; Song Zhong; Goko; Ben Shan; Benifuki; Jin Xuan; Hong Yu; Mengku Da Ye Zhong; Mi Lan Xiang; Tong Tian Xiang; Benihikari; Bai Ji Guan; Koshun; Qi Lan; Huangshan Qunti Zhong; Oku Yutaka; Rou Gui; Ying Xiang; Zhenghe Da Bai; Ya Shi Xiang; Wu Yi; Yutakamidori; Zairai; Qing Xin; Qing Xin Da Mao; Samidori; Asahi; Bai Wen; Komakage; Meiryoku; Mei Zhan; Liu An Gua Pian; Fo Shou; Ju Duo Zai; Long Jing #43; Da Yeh Oolong; Bi Luo Chun Qunti; Gui Hua Xiang; Que She; Huang Jin Gui; Mengding Ganlu; Ban Tian Yao; Ba Xian; Qing Xin Gan Zhi; Asatsuyu
5aa49e23-10b9-479f-b6bb-07b82f812763,"Daping, Anxi",China,Fujian,400-800m,High altitude area within Anxi known for Ben Shan cultivar,Da Hong Pao; English Breakfast; Ti Kuan Yin; Sencha; Matcha; Sheng; Darjeeling; Earl Grey,Shizu-7132; Yiwu Da Ye Zhong; Shi Da Cha; Wuyi Cai Cha; Mao Xie; Si Ji Chun; Ujihikari; Long Jing Qunti Zhong; Saemidori; Xing Ren Xiang; Okuhikari; Kirari 31; Okumidori; Chin Hsin; Inzatsu 131; Bei Dou; Hong Yun; Huang Guan Yin; Da Hong Pao; Zhi Lan Xiang; Anji Bai Cha; Tie Guan Yin; Fuding Da Bai; Kanayamidori; Shui Jin Gui; Cui Yu; Sofu; Shui Xian; Taiwanese Wild Tea; Qi Men Zhong; Tie Luo Han; Da Ye Zhong; Zi Juan; Song Zhong; Goko; Ben Shan; Benifuki; Jin Xuan; Hong Yu; Mengku Da Ye Zhong; Mi Lan Xiang; Tong Tian Xiang; Benihikari; Bai Ji Guan; Koshun; Qi Lan; Huangshan Qunti Zhong; Oku Yutaka; Rou Gui; Ying Xiang; Zhenghe Da Bai; Ya Shi Xiang; Wu Yi; Yutakamidori; Zairai; Qing Xin; Qing Xin Da Mao; Samidori; Asahi; Bai Wen; Komakage; Meiryoku; Mei Zhan; Liu An Gua Pian; Fo Shou; Ju Duo Zai; Long Jing #43; Da Yeh Oolong; Bi Luo Chun Qunti; Gui Hua Xiang; Que She; Huang Jin Gui; Mengding Ganlu; Ban Tian Yao; Ba Xian; Qing Xin Gan Zhi; Asatsuyu
08f9d9d6-88a3-426a-bcbe-a1ff9f589518,"Changkeng, Anxi",China,Fujian,400-800m,Another high altitude area in Anxi for premium oolongs,Da Hong Pao; English Breakfast; Ti Kuan Yin; Sencha; Matcha; Sheng; Darjeeling; Earl Grey,Shizu-7132; Yiwu Da Ye Zhong; Shi Da Cha; Wuyi Cai Cha; Mao Xie; Si Ji Chun; Ujihikari; Long Jing Qunti Zhong; Saemidori; Xing Ren Xiang; Okuhikari; Kirari 31; Okumidori; Chin Hsin; Inzatsu 131; Bei Dou; Hong Yun; Huang Guan Yin; Da Hong Pao; Zhi Lan Xiang; Anji Bai Cha; Tie Guan Yin; Fuding Da Bai; Kanayamidori; Shui Jin Gui; Cui Yu; Sofu; Shui Xian; Taiwanese Wild Tea; Qi Men Zhong; Tie Luo Han; Da Ye Zhong; Zi Juan; Song Zhong; Goko; Ben Shan; Benifuki; Jin Xuan; Hong Yu; Mengku Da Ye Zhong; Mi Lan Xiang; Tong Tian Xiang; Benihikari; Bai Ji Guan; Koshun; Qi Lan; Huangshan Qunti Zhong; Oku Yutaka; Rou Gui; Ying Xiang; Zhenghe Da Bai; Ya Shi Xiang; Wu Yi; Yutakamidori; Zairai; Qing Xin; Qing Xin Da Mao; Samidori; Asahi; Bai Wen; Komakage; Meiryoku; Mei Zhan; Liu An Gua Pian; Fo Shou; Ju Duo Zai; Long Jing #43; Da Yeh Oolong; Bi Luo Chun Qunti; Gui Hua Xiang; Que She; Huang Jin Gui; Mengding Ganlu; Ban Tian Yao; Ba Xian; Qing Xin Gan Zhi; Asatsuyu
ed40e2a9-46eb-4599-9af5-125549019cd3,"Hukou Township, Anxi",China,Fujian,300-700m,Traditional area for Huang Jin Gui cultivation,Da Hong Pao; English Breakfast; Ti Kuan Yin; Sencha; Matcha; Sheng; Darjeeling; Earl Grey,Shizu-7132; Yiwu Da Ye Zhong; Shi Da Cha; Wuyi Cai Cha; Mao Xie; Si Ji Chun; Ujihikari; Long Jing Qunti Zhong; Saemidori; Xing Ren Xiang; Okuhikari; Kirari 31; Okumidori; Chin Hsin; Inzatsu 131; Bei Dou; Hong Yun; Huang Guan Yin; Da Hong Pao; Zhi Lan Xiang; Anji Bai Cha; Tie Guan Yin; Fuding Da Bai; Kanayamidori; Shui Jin Gui; Cui Yu; Sofu; Shui Xian; Taiwanese Wild Tea; Qi Men Zhong; Tie Luo Han; Da Ye Zhong; Zi Juan; Song Zhong; Goko; Ben Shan; Benifuki; Jin Xuan; Hong Yu; Mengku Da Ye Zhong; Mi Lan Xiang; Tong Tian Xiang; Benihikari; Bai Ji Guan; Koshun; Qi Lan; Huangshan Qunti Zhong; Oku Yutaka; Rou Gui; Ying Xiang; Zhenghe Da Bai; Ya Shi Xiang; Wu Yi; Yutakamidori; Zairai; Qing Xin; Qing Xin Da Mao; Samidori; Asahi; Bai Wen; Komakage; Meiryoku; Mei Zhan; Liu An Gua Pian; Fo Shou; Ju Duo Zai; Long Jing #43; Da Yeh Oolong; Bi Luo Chun Qunti; Gui Hua Xiang; Que She; Huang Jin Gui; Mengding Ganlu; Ban Tian Yao; Ba Xian; Qing Xin Gan Zhi; Asatsuyu
c9ce1175-58b0-4205-9267-658733dfed05,"Xiapu County, Fujian",China,Fujian,200-600m,"Coastal region near Fuding, also grows Da Bai cultivar",Da Hong Pao; English Breakfast; Ti Kuan Yin; Sencha; Matcha; Sheng; Darjeeling; Earl Grey,Shizu-7132; Yiwu Da Ye Zhong; Shi Da Cha; Wuyi Cai Cha; Mao Xie; Si Ji Chun; Ujihikari; Long Jing Qunti Zhong; Saemidori; Xing Ren Xiang; Okuhikari; Kirari 31; Okumidori; Chin Hsin; Inzatsu 131; Bei Dou; Hong Yun; Huang Guan Yin; Da Hong Pao; Zhi Lan Xiang; Anji Bai Cha; Tie Guan Yin; Fuding Da Bai; Kanayamidori; Shui Jin Gui; Cui Yu; Sofu; Shui Xian; Taiwanese Wild Tea; Qi Men Zhong; Tie Luo Han; Da Ye Zhong; Zi Juan; Song Zhong; Goko; Ben Shan; Benifuki; Jin Xuan; Hong Yu; Mengku Da Ye Zhong; Mi Lan Xiang; Tong Tian Xiang; Benihikari; Bai Ji Guan; Koshun; Qi Lan; Huangshan Qunti Zhong; Oku Yutaka; Rou Gui; Ying Xiang; Zhenghe Da Bai; Ya Shi Xiang; Wu Yi; Yutakamidori; Zairai; Qing Xin; Qing Xin Da Mao; Samidori; Asahi; Bai Wen; Komakage; Meiryoku; Mei Zhan; Liu An Gua Pian; Fo Shou; Ju Duo Zai; Long Jing #43; Da Yeh Oolong; Bi Luo Chun Qunti; Gui Hua Xiang; Que She; Huang Jin Gui; Mengding Ganlu; Ban Tian Yao; Ba Xian; Qing Xin Gan Zhi; Asatsuyu
126e0178-6529-4e21-b0d7-5b30cc16278d,"Fu'an City, Fujian",China,Fujian,300-700m,Mountain region supporting Da Bai cultivation,Da Hong Pao; English Breakfast; Ti Kuan Yin; Sencha; Matcha; Sheng; Darjeeling; Earl Grey,Shizu-7132; Yiwu Da Ye Zhong; Shi Da Cha; Wuyi Cai Cha; Mao Xie; Si Ji Chun; Ujihikari; Long Jing Qunti Zhong; Saemidori; Xing Ren Xiang; Okuhikari; Kirari 31; Okumidori; Chin Hsin; Inzatsu 131; Bei Dou; Hong Yun; Huang Guan Yin; Da Hong Pao; Zhi Lan Xiang; Anji Bai Cha; Tie Guan Yin; Fuding Da Bai; Kanayamidori; Shui Jin Gui; Cui Yu; Sofu; Shui Xian; Taiwanese Wild Tea; Qi Men Zhong; Tie Luo Han; Da Ye Zhong; Zi Juan; Song Zhong; Goko; Ben Shan; Benifuki; Jin Xuan; Hong Yu; Mengku Da Ye Zhong; Mi Lan Xiang; Tong Tian Xiang; Benihikari; Bai Ji Guan; Koshun; Qi Lan; Huangshan Qunti Zhong; Oku Yutaka; Rou Gui; Ying Xiang; Zhenghe Da Bai; Ya Shi Xiang; Wu Yi; Yutakamidori; Zairai; Qing Xin; Qing Xin Da Mao; Samidori; Asahi; Bai Wen; Komakage; Meiryoku; Mei Zhan; Liu An Gua Pian; Fo Shou; Ju Duo Zai; Long Jing #43; Da Yeh Oolong; Bi Luo Chun Qunti; Gui Hua Xiang; Que She; Huang Jin Gui; Mengding Ganlu; Ban Tian Yao; Ba Xian; Qing Xin Gan Zhi; Asatsuyu
939b79ec-c5ef-484a-ba4a-c0ce160bcc8e,"Zhengyan Area, Wuyi",China,Fujian,200-400m,"Core Wuyi area with unique rock soil, most prized for oolongs",Da Hong Pao; English Breakfast; Ti Kuan Yin; Sencha; Matcha; Sheng; Darjeeling; Earl Grey,Shizu-7132; Yiwu Da Ye Zhong; Shi Da Cha; Wuyi Cai Cha; Mao Xie; Si Ji Chun; Ujihikari; Long Jing Qunti Zhong; Saemidori; Xing Ren Xiang; Okuhikari; Kirari 31; Okumidori; Chin Hsin; Inzatsu 131; Bei Dou; Hong Yun; Huang Guan Yin; Da Hong Pao; Zhi Lan Xiang; Anji Bai Cha; Tie Guan Yin; Fuding Da Bai; Kanayamidori; Shui Jin Gui; Cui Yu; Sofu; Shui Xian; Taiwanese Wild Tea; Qi Men Zhong; Tie Luo Han; Da Ye Zhong; Zi Juan; Song Zhong; Goko; Ben Shan; Benifuki; Jin Xuan; Hong Yu; Mengku Da Ye Zhong; Mi Lan Xiang; Tong Tian Xiang; Benihikari; Bai Ji Guan; Koshun; Qi Lan; Huangshan Qunti Zhong; Oku Yutaka; Rou Gui; Ying Xiang; Zhenghe Da Bai; Ya Shi Xiang; Wu Yi; Yutakamidori; Zairai; Qing Xin; Qing Xin Da Mao; Samidori; Asahi; Bai Wen; Komakage; Meiryoku; Mei Zhan; Liu An Gua Pian; Fo Shou; Ju Duo Zai; Long Jing #43; Da Yeh Oolong; Bi Luo Chun Qunti; Gui Hua Xiang; Que She; Huang Jin Gui; Mengding Ganlu; Ban Tian Yao; Ba Xian; Qing Xin Gan Zhi; Asatsuyu
5d8d1e2d-4469-4c1a-a3f7-c4728e40b7c1,"Tongmu Village, Wuyi",China,Fujian,400-800m,"High altitude village, birthplace of Lapsang Souchong",Da Hong Pao; English Breakfast; Ti Kuan Yin; Sencha; Matcha; Sheng; Darjeeling; Earl Grey,Shizu-7132; Yiwu Da Ye Zhong; Shi Da Cha; Wuyi Cai Cha; Mao Xie; Si Ji Chun; Ujihikari; Long Jing Qunti Zhong; Saemidori; Xing Ren Xiang; Okuhikari; Kirari 31; Okumidori; Chin Hsin; Inzatsu 131; Bei Dou; Hong Yun; Huang Guan Yin; Da Hong Pao; Zhi Lan Xiang; Anji Bai Cha; Tie Guan Yin; Fuding Da Bai; Kanayamidori; Shui Jin Gui; Cui Yu; Sofu; Shui Xian; Taiwanese Wild Tea; Qi Men Zhong; Tie Luo Han; Da Ye Zhong; Zi Juan; Song Zhong; Goko; Ben Shan; Benifuki; Jin Xuan; Hong Yu; Mengku Da Ye Zhong; Mi Lan Xiang; Tong Tian Xiang; Benihikari; Bai Ji Guan; Koshun; Qi Lan; Huangshan Qunti Zhong; Oku Yutaka; Rou Gui; Ying Xiang; Zhenghe Da Bai; Ya Shi Xiang; Wu Yi; Yutakamidori; Zairai; Qing Xin; Qing Xin Da Mao; Samidori; Asahi; Bai Wen; Komakage; Meiryoku; Mei Zhan; Liu An Gua Pian; Fo Shou; Ju Duo Zai; Long Jing #43; Da Yeh Oolong; Bi Luo Chun Qunti; Gui Hua Xiang; Que She; Huang Jin Gui; Mengding Ganlu; Ban Tian Yao; Ba Xian; Qing Xin Gan Zhi; Asatsuyu
857d109e-bb60-4979-9edc-a0b54bb01432,"Zhenghe County, Fujian",China,Fujian,400-900m,Mountain region known for white tea production,Da Hong Pao; English Breakfast; Ti Kuan Yin; Sencha; Matcha; Sheng; Darjeeling; Earl Grey,Shizu-7132; Yiwu Da Ye Zhong; Shi Da Cha; Wuyi Cai Cha; Mao Xie; Si Ji Chun; Ujihikari; Long Jing Qunti Zhong; Saemidori; Xing Ren Xiang; Okuhikari; Kirari 31; Okumidori; Chin Hsin; Inzatsu 131; Bei Dou; Hong Yun; Huang Guan Yin; Da Hong Pao; Zhi Lan Xiang; Anji Bai Cha; Tie Guan Yin; Fuding Da Bai; Kanayamidori; Shui Jin Gui; Cui Yu; Sofu; Shui Xian; Taiwanese Wild Tea; Qi Men Zhong; Tie Luo Han; Da Ye Zhong; Zi Juan; Song Zhong; Goko; Ben Shan; Benifuki; Jin Xuan; Hong Yu; Mengku Da Ye Zhong; Mi Lan Xiang; Tong Tian Xiang; Benihikari; Bai Ji Guan; Koshun; Qi Lan; Huangshan Qunti Zhong; Oku Yutaka; Rou Gui; Ying Xiang; Zhenghe Da Bai; Ya Shi Xiang; Wu Yi; Yutakamidori; Zairai; Qing Xin; Qing Xin Da Mao; Samidori; Asahi; Bai Wen; Komakage; Meiryoku; Mei Zhan; Liu An Gua Pian; Fo Shou; Ju Duo Zai; Long Jing #43; Da Yeh Oolong; Bi Luo Chun Qunti; Gui Hua Xiang; Que She; Huang Jin Gui; Mengding Ganlu; Ban Tian Yao; Ba Xian; Qing Xin Gan Zhi; Asatsuyu
f847e45b-668d-43dd-9fb3-2eca6c7344b5,"Jian'ou City, Fujian",China,Fujian,200-600m,"Historic tea region, grows Shui Xian among others",Da Hong Pao; English Breakfast; Ti Kuan Yin; Sencha; Matcha; Sheng; Darjeeling; Earl Grey,Shizu-7132; Yiwu Da Ye Zhong; Shi Da Cha; Wuyi Cai Cha; Mao Xie; Si Ji Chun; Ujihikari; Long Jing Qunti Zhong; Saemidori; Xing Ren Xiang; Okuhikari; Kirari 31; Okumidori; Chin Hsin; Inzatsu 131; Bei Dou; Hong Yun; Huang Guan Yin; Da Hong Pao; Zhi Lan Xiang; Anji Bai Cha; Tie Guan Yin; Fuding Da Bai; Kanayamidori; Shui Jin Gui; Cui Yu; Sofu; Shui Xian; Taiwanese Wild Tea; Qi Men Zhong; Tie Luo Han; Da Ye Zhong; Zi Juan; Song Zhong; Goko; Ben Shan; Benifuki; Jin Xuan; Hong Yu; Mengku Da Ye Zhong; Mi Lan Xiang; Tong Tian Xiang; Benihikari; Bai Ji Guan; Koshun; Qi Lan; Huangshan Qunti Zhong; Oku Yutaka; Rou Gui; Ying Xiang; Zhenghe Da Bai; Ya Shi Xiang; Wu Yi; Yutakamidori; Zairai; Qing Xin; Qing Xin Da Mao; Samidori; Asahi; Bai Wen; Komakage; Meiryoku; Mei Zhan; Liu An Gua Pian; Fo Shou; Ju Duo Zai; Long Jing #43; Da Yeh Oolong; Bi Luo Chun Qunti; Gui Hua Xiang; Que She; Huang Jin Gui; Mengding Ganlu; Ban Tian Yao; Ba Xian; Qing Xin Gan Zhi; Asatsuyu
f17498e2-d50e-4d67-9cf2-c557585b61cb,"Zhao'an County, Fujian",China,Fujian,300-700m,Southern Fujian region with suitable climate for Shui Xian,Da Hong Pao; English Breakfast; Ti Kuan Yin; Sencha; Matcha; Sheng; Darjeeling; Earl Grey,Shizu-7132; Yiwu Da Ye Zhong; Shi Da Cha; Wuyi Cai Cha; Mao Xie; Si Ji Chun; Ujihikari; Long Jing Qunti Zhong; Saemidori; Xing Ren Xiang; Okuhikari; Kirari 31; Okumidori; Chin Hsin; Inzatsu 131; Bei Dou; Hong Yun; Huang Guan Yin; Da Hong Pao; Zhi Lan Xiang; Anji Bai Cha; Tie Guan Yin; Fuding Da Bai; Kanayamidori; Shui Jin Gui; Cui Yu; Sofu; Shui Xian; Taiwanese Wild Tea; Qi Men Zhong; Tie Luo Han; Da Ye Zhong; Zi Juan; Song Zhong; Goko; Ben Shan; Benifuki; Jin Xuan; Hong Yu; Mengku Da Ye Zhong; Mi Lan Xiang; Tong Tian Xiang; Benihikari; Bai Ji Guan; Koshun; Qi Lan; Huangshan Qunti Zhong; Oku Yutaka; Rou Gui; Ying Xiang; Zhenghe Da Bai; Ya Shi Xiang; Wu Yi; Yutakamidori; Zairai; Qing Xin; Qing Xin Da Mao; Samidori; Asahi; Bai Wen; Komakage; Meiryoku; Mei Zhan; Liu An Gua Pian; Fo Shou; Ju Duo Zai; Long Jing #43; Da Yeh Oolong; Bi Luo Chun Qunti; Gui Hua Xiang; Que She; Huang Jin Gui; Mengding Ganlu; Ban Tian Yao; Ba Xian; Qing Xin Gan Zhi; Asatsuyu
2fe1463c-afcc-43a5-b936-14796b780898,"Pinghe County, Fujian",China,Fujian,400-800m,Mountain region growing various oolong cultivars,Da Hong Pao; English Breakfast; Ti Kuan Yin; Sencha; Matcha; Sheng; Darjeeling; Earl Grey,Shizu-7132; Yiwu Da Ye Zhong; Shi Da Cha; Wuyi Cai Cha; Mao Xie; Si Ji Chun; Ujihikari; Long Jing Qunti Zhong; Saemidori; Xing Ren Xiang; Okuhikari; Kirari 31; Okumidori; Chin Hsin; Inzatsu 131; Bei Dou; Hong Yun; Huang Guan Yin; Da Hong Pao; Zhi Lan Xiang; Anji Bai Cha; Tie Guan Yin; Fuding Da Bai; Kanayamidori; Shui Jin Gui; Cui Yu; Sofu; Shui Xian; Taiwanese Wild Tea; Qi Men Zhong; Tie Luo Han; Da Ye Zhong; Zi Juan; Song Zhong; Goko; Ben Shan; Benifuki; Jin Xuan; Hong Yu; Mengku Da Ye Zhong; Mi Lan Xiang; Tong Tian Xiang; Benihikari; Bai Ji Guan; Koshun; Qi Lan; Huangshan Qunti Zhong; Oku Yutaka; Rou Gui; Ying Xiang; Zhenghe Da Bai; Ya Shi Xiang; Wu Yi; Yutakamidori; Zairai; Qing Xin; Qing Xin Da Mao; Samidori; Asahi; Bai Wen; Komakage; Meiryoku; Mei Zhan; Liu An Gua Pian; Fo Shou; Ju Duo Zai; Long Jing #43; Da Yeh Oolong; Bi Luo Chun Qunti; Gui Hua Xiang; Que She; Huang Jin Gui; Mengding Ganlu; Ban Tian Yao; Ba Xian; Qing Xin Gan Zhi; Asatsuyu
07e58274-0a25-4205-8759-a93976cab117,"Phoenix Mountains, Chaozhou",China,Guangdong,400-1200m,"High altitude mountains with ancient tea trees, famous for Dan Cong oolongs",Da Hong Pao; English Breakfast; Ti Kuan Yin; Sencha; Matcha; Sheng; Darjeeling; Earl Grey,Shizu-7132; Yiwu Da Ye Zhong; Shi Da Cha; Wuyi Cai Cha; Mao Xie; Si Ji Chun; Ujihikari; Long Jing Qunti Zhong; Saemidori; Xing Ren Xiang; Okuhikari; Kirari 31; Okumidori; Chin Hsin; Inzatsu 131; Bei Dou; Hong Yun; Huang Guan Yin; Da Hong Pao; Zhi Lan Xiang; Anji Bai Cha; Tie Guan Yin; Fuding Da Bai; Kanayamidori; Shui Jin Gui; Cui Yu; Sofu; Shui Xian; Taiwanese Wild Tea; Qi Men Zhong; Tie Luo Han; Da Ye Zhong; Zi Juan; Song Zhong; Goko; Ben Shan; Benifuki; Jin Xuan; Hong Yu; Mengku Da Ye Zhong; Mi Lan Xiang; Tong Tian Xiang; Benihikari; Bai Ji Guan; Koshun; Qi Lan; Huangshan Qunti Zhong; Oku Yutaka; Rou Gui; Ying Xiang; Zhenghe Da Bai; Ya Shi Xiang; Wu Yi; Yutakamidori; Zairai; Qing Xin; Qing Xin Da Mao; Samidori; Asahi; Bai Wen; Komakage; Meiryoku; Mei Zhan; Liu An Gua Pian; Fo Shou; Ju Duo Zai; Long Jing #43; Da Yeh Oolong; Bi Luo Chun Qunti; Gui Hua Xiang; Que She; Huang Jin Gui; Mengding Ganlu; Ban Tian Yao; Ba Xian; Qing Xin Gan Zhi; Asatsuyu
e0c60ea9-dd1e-410a-9763-af29fccce982,"Wudong Mountain, Chaozhou",China,Guangdong,800-1200m,"Highest peak in Phoenix Mountains, produces the most prized Dan Cong teas",Da Hong Pao; English Breakfast; Ti Kuan Yin; Sencha; Matcha; Sheng; Darjeeling; Earl Grey,Shizu-7132; Yiwu Da Ye Zhong; Shi Da Cha; Wuyi Cai Cha; Mao Xie; Si Ji Chun; Ujihikari; Long Jing Qunti Zhong; Saemidori; Xing Ren Xiang; Okuhikari; Kirari 31; Okumidori; Chin Hsin; Inzatsu 131; Bei Dou; Hong Yun; Huang Guan Yin; Da Hong Pao; Zhi Lan Xiang; Anji Bai Cha; Tie Guan Yin; Fuding Da Bai; Kanayamidori; Shui Jin Gui; Cui Yu; Sofu; Shui Xian; Taiwanese Wild Tea; Qi Men Zhong; Tie Luo Han; Da Ye Zhong; Zi Juan; Song Zhong; Goko; Ben Shan; Benifuki; Jin Xuan; Hong Yu; Mengku Da Ye Zhong; Mi Lan Xiang; Tong Tian Xiang; Benihikari; Bai Ji Guan; Koshun; Qi Lan; Huangshan Qunti Zhong; Oku Yutaka; Rou Gui; Ying Xiang; Zhenghe Da Bai; Ya Shi Xiang; Wu Yi; Yutakamidori; Zairai; Qing Xin; Qing Xin Da Mao; Samidori; Asahi; Bai Wen; Komakage; Meiryoku; Mei Zhan; Liu An Gua Pian; Fo Shou; Ju Duo Zai; Long Jing #43; Da Yeh Oolong; Bi Luo Chun Qunti; Gui Hua Xiang; Que She; Huang Jin Gui; Mengding Ganlu; Ban Tian Yao; Ba Xian; Qing Xin Gan Zhi; Asatsuyu
8c80df6f-43ec-4a31-ab7f-0ae049eab2a3,Huangshan Mountains,China,Anhui,600-1200m,"Famous scenic mountains with granite peaks and pine forests, ideal for green tea",Da Hong Pao; English Breakfast; Ti Kuan Yin; Sencha; Matcha; Sheng; Darjeeling; Earl Grey,Shizu-7132; Yiwu Da Ye Zhong; Shi Da Cha; Wuyi Cai Cha; Mao Xie; Si Ji Chun; Ujihikari; Long Jing Qunti Zhong; Saemidori; Xing Ren Xiang; Okuhikari; Kirari 31; Okumidori; Chin Hsin; Inzatsu 131; Bei Dou; Hong Yun; Huang Guan Yin; Da Hong Pao; Zhi Lan Xiang; Anji Bai Cha; Tie Guan Yin; Fuding Da Bai; Kanayamidori; Shui Jin Gui; Cui Yu; Sofu; Shui Xian; Taiwanese Wild Tea; Qi Men Zhong; Tie Luo Han; Da Ye Zhong; Zi Juan; Song Zhong; Goko; Ben Shan; Benifuki; Jin Xuan; Hong Yu; Mengku Da Ye Zhong; Mi Lan Xiang; Tong Tian Xiang; Benihikari; Bai Ji Guan; Koshun; Qi Lan; Huangshan Qunti Zhong; Oku Yutaka; Rou Gui; Ying Xiang; Zhenghe Da Bai; Ya Shi Xiang; Wu Yi; Yutakamidori; Zairai; Qing Xin; Qing Xin Da Mao; Samidori; Asahi; Bai Wen; Komakage; Meiryoku; Mei Zhan; Liu An Gua Pian; Fo Shou; Ju Duo Zai; Long Jing #43; Da Yeh Oolong; Bi Luo Chun Qunti; Gui Hua Xiang; Que She; Huang Jin Gui; Mengding Ganlu; Ban Tian Yao; Ba Xian; Qing Xin Gan Zhi; Asatsuyu
8d54b1c4-a06d-4429-a7ea-84cceaeaed7e,"Taohua Feng, Huangshan",China,Anhui,800-1000m,Peach Blossom Peak area with unique microclimate,Da Hong Pao; English Breakfast; Ti Kuan Yin; Sencha; Matcha; Sheng; Darjeeling; Earl Grey,Shizu-7132; Yiwu Da Ye Zhong; Shi Da Cha; Wuyi Cai Cha; Mao Xie; Si Ji Chun; Ujihikari; Long Jing Qunti Zhong; Saemidori; Xing Ren Xiang; Okuhikari; Kirari 31; Okumidori; Chin Hsin; Inzatsu 131; Bei Dou; Hong Yun; Huang Guan Yin; Da Hong Pao; Zhi Lan Xiang; Anji Bai Cha; Tie Guan Yin; Fuding Da Bai; Kanayamidori; Shui Jin Gui; Cui Yu; Sofu; Shui Xian; Taiwanese Wild Tea; Qi Men Zhong; Tie Luo Han; Da Ye Zhong; Zi Juan; Song Zhong; Goko; Ben Shan; Benifuki; Jin Xuan; Hong Yu; Mengku Da Ye Zhong; Mi Lan Xiang; Tong Tian Xiang; Benihikari; Bai Ji Guan; Koshun; Qi Lan; Huangshan Qunti Zhong; Oku Yutaka; Rou Gui; Ying Xiang; Zhenghe Da Bai; Ya Shi Xiang; Wu Yi; Yutakamidori; Zairai; Qing Xin; Qing Xin Da Mao; Samidori; Asahi; Bai Wen; Komakage; Meiryoku; Mei Zhan; Liu An Gua Pian; Fo Shou; Ju Duo Zai; Long Jing #43; Da Yeh Oolong; Bi Luo Chun Qunti; Gui Hua Xiang; Que She; Huang Jin Gui; Mengding Ganlu; Ban Tian Yao; Ba Xian; Qing Xin Gan Zhi; Asatsuyu
39772a7c-051b-44be-a716-0fe7a609a2e9,"Lu'an City, Anhui",China,Anhui,300-800m,"Rolling hills region, famous for Lu An Gua Pian production",Da Hong Pao; English Breakfast; Ti Kuan Yin; Sencha; Matcha; Sheng; Darjeeling; Earl Grey,Shizu-7132; Yiwu Da Ye Zhong; Shi Da Cha; Wuyi Cai Cha; Mao Xie; Si Ji Chun; Ujihikari; Long Jing Qunti Zhong; Saemidori; Xing Ren Xiang; Okuhikari; Kirari 31; Okumidori; Chin Hsin; Inzatsu 131; Bei Dou; Hong Yun; Huang Guan Yin; Da Hong Pao; Zhi Lan Xiang; Anji Bai Cha; Tie Guan Yin; Fuding Da Bai; Kanayamidori; Shui Jin Gui; Cui Yu; Sofu; Shui Xian; Taiwanese Wild Tea; Qi Men Zhong; Tie Luo Han; Da Ye Zhong; Zi Juan; Song Zhong; Goko; Ben Shan; Benifuki; Jin Xuan; Hong Yu; Mengku Da Ye Zhong; Mi Lan Xiang; Tong Tian Xiang; Benihikari; Bai Ji Guan; Koshun; Qi Lan; Huangshan Qunti Zhong; Oku Yutaka; Rou Gui; Ying Xiang; Zhenghe Da Bai; Ya Shi Xiang; Wu Yi; Yutakamidori; Zairai; Qing Xin; Qing Xin Da Mao; Samidori; Asahi; Bai Wen; Komakage; Meiryoku; Mei Zhan; Liu An Gua Pian; Fo Shou; Ju Duo Zai; Long Jing #43; Da Yeh Oolong; Bi Luo Chun Qunti; Gui Hua Xiang; Que She; Huang Jin Gui; Mengding Ganlu; Ban Tian Yao; Ba Xian; Qing Xin Gan Zhi; Asatsuyu
7ac2c5ad-827e-4de0-810c-a051eee87be5,"Jinzhai County, Lu'an",China,Anhui,400-900m,Mountain county within Lu'an known for high quality green tea,Da Hong Pao; English Breakfast; Ti Kuan Yin; Sencha; Matcha; Sheng; Darjeeling; Earl Grey,Shizu-7132; Yiwu Da Ye Zhong; Shi Da Cha; Wuyi Cai Cha; Mao Xie; Si Ji Chun; Ujihikari; Long Jing Qunti Zhong; Saemidori; Xing Ren Xiang; Okuhikari; Kirari 31; Okumidori; Chin Hsin; Inzatsu 131; Bei Dou; Hong Yun; Huang Guan Yin; Da Hong Pao; Zhi Lan Xiang; Anji Bai Cha; Tie Guan Yin; Fuding Da Bai; Kanayamidori; Shui Jin Gui; Cui Yu; Sofu; Shui Xian; Taiwanese Wild Tea; Qi Men Zhong; Tie Luo Han; Da Ye Zhong; Zi Juan; Song Zhong; Goko; Ben Shan; Benifuki; Jin Xuan; Hong Yu; Mengku Da Ye Zhong; Mi Lan Xiang; Tong Tian Xiang; Benihikari; Bai Ji Guan; Koshun; Qi Lan; Huangshan Qunti Zhong; Oku Yutaka; Rou Gui; Ying Xiang; Zhenghe Da Bai; Ya Shi Xiang; Wu Yi; Yutakamidori; Zairai; Qing Xin; Qing Xin Da Mao; Samidori; Asahi; Bai Wen; Komakage; Meiryoku; Mei Zhan; Liu An Gua Pian; Fo Shou; Ju Duo Zai; Long Jing #43; Da Yeh Oolong; Bi Luo Chun Qunti; Gui Hua Xiang; Que She; Huang Jin Gui; Mengding Ganlu; Ban Tian Yao; Ba Xian; Qing Xin Gan Zhi; Asatsuyu
573bb680-315c-4eff-a2ea-c1e92ca2d879,"Yu'an District, Lu'an",China,Anhui,300-700m,Central Lu'an area with suitable terrain for tea cultivation,Da Hong Pao; English Breakfast; Ti Kuan Yin; Sencha; Matcha; Sheng; Darjeeling; Earl Grey,Shizu-7132; Yiwu Da Ye Zhong; Shi Da Cha; Wuyi Cai Cha; Mao Xie; Si Ji Chun; Ujihikari; Long Jing Qunti Zhong; Saemidori; Xing Ren Xiang; Okuhikari; Kirari 31; Okumidori; Chin Hsin; Inzatsu 131; Bei Dou; Hong Yun; Huang Guan Yin; Da Hong Pao; Zhi Lan Xiang; Anji Bai Cha; Tie Guan Yin; Fuding Da Bai; Kanayamidori; Shui Jin Gui; Cui Yu; Sofu; Shui Xian; Taiwanese Wild Tea; Qi Men Zhong; Tie Luo Han; Da Ye Zhong; Zi Juan; Song Zhong; Goko; Ben Shan; Benifuki; Jin Xuan; Hong Yu; Mengku Da Ye Zhong; Mi Lan Xiang; Tong Tian Xiang; Benihikari; Bai Ji Guan; Koshun; Qi Lan; Huangshan Qunti Zhong; Oku Yutaka; Rou Gui; Ying Xiang; Zhenghe Da Bai; Ya Shi Xiang; Wu Yi; Yutakamidori; Zairai; Qing Xin; Qing Xin Da Mao; Samidori; Asahi; Bai Wen; Komakage; Meiryoku; Mei Zhan; Liu An Gua Pian; Fo Shou; Ju Duo Zai; Long Jing #43; Da Yeh Oolong; Bi Luo Chun Qunti; Gui Hua Xiang; Que She; Huang Jin Gui; Mengding Ganlu; Ban Tian Yao; Ba Xian; Qing Xin Gan Zhi; Asatsuyu
c37dd09f-737d-425e-9dc9-9a6506121711,"Qimen County, Anhui",China,Anhui,300-800m,Famous region for Keemun black tea production,Da Hong Pao; English Breakfast; Ti Kuan Yin; Sencha; Matcha; Sheng; Darjeeling; Earl Grey,Shizu-7132; Yiwu Da Ye Zhong; Shi Da Cha; Wuyi Cai Cha; Mao Xie; Si Ji Chun; Ujihikari; Long Jing Qunti Zhong; Saemidori; Xing Ren Xiang; Okuhikari; Kirari 31; Okumidori; Chin Hsin; Inzatsu 131; Bei Dou; Hong Yun; Huang Guan Yin; Da Hong Pao; Zhi Lan Xiang; Anji Bai Cha; Tie Guan Yin; Fuding Da Bai; Kanayamidori; Shui Jin Gui; Cui Yu; Sofu; Shui Xian; Taiwanese Wild Tea; Qi Men Zhong; Tie Luo Han; Da Ye Zhong; Zi Juan; Song Zhong; Goko; Ben Shan; Benifuki; Jin Xuan; Hong Yu; Mengku Da Ye Zhong; Mi Lan Xiang; Tong Tian Xiang; Benihikari; Bai Ji Guan; Koshun; Qi Lan; Huangshan Qunti Zhong; Oku Yutaka; Rou Gui; Ying Xiang; Zhenghe Da Bai; Ya Shi Xiang; Wu Yi; Yutakamidori; Zairai; Qing Xin; Qing Xin Da Mao; Samidori; Asahi; Bai Wen; Komakage; Meiryoku; Mei Zhan; Liu An Gua Pian; Fo Shou; Ju Duo Zai; Long Jing #43; Da Yeh Oolong; Bi Luo Chun Qunti; Gui Hua Xiang; Que She; Huang Jin Gui; Mengding Ganlu; Ban Tian Yao; Ba Xian; Qing Xin Gan Zhi; Asatsuyu
8124cd06-10d8-4042-afdf-efffada271a8,"Taiping County, Anhui",China,Anhui,400-900m,Historic mountain region known for Monkey Picked tea,Da Hong Pao; English Breakfast; Ti Kuan Yin; Sencha; Matcha; Sheng; Darjeeling; Earl Grey,Shizu-7132; Yiwu Da Ye Zhong; Shi Da Cha; Wuyi Cai Cha; Mao Xie; Si Ji Chun; Ujihikari; Long Jing Qunti Zhong; Saemidori; Xing Ren Xiang; Okuhikari; Kirari 31; Okumidori; Chin Hsin; Inzatsu 131; Bei Dou; Hong Yun; Huang Guan Yin; Da Hong Pao; Zhi Lan Xiang; Anji Bai Cha; Tie Guan Yin; Fuding Da Bai; Kanayamidori; Shui Jin Gui; Cui Yu; Sofu; Shui Xian; Taiwanese Wild Tea; Qi Men Zhong; Tie Luo Han; Da Ye Zhong; Zi Juan; Song Zhong; Goko; Ben Shan; Benifuki; Jin Xuan; Hong Yu; Mengku Da Ye Zhong; Mi Lan Xiang; Tong Tian Xiang; Benihikari; Bai Ji Guan; Koshun; Qi Lan; Huangshan Qunti Zhong; Oku Yutaka; Rou Gui; Ying Xiang; Zhenghe Da Bai; Ya Shi Xiang; Wu Yi; Yutakamidori; Zairai; Qing Xin; Qing Xin Da Mao; Samidori; Asahi; Bai Wen; Komakage; Meiryoku; Mei Zhan; Liu An Gua Pian; Fo Shou; Ju Duo Zai; Long Jing #43; Da Yeh Oolong; Bi Luo Chun Qunti; Gui Hua Xiang; Que She; Huang Jin Gui; Mengding Ganlu; Ban Tian Yao; Ba Xian; Qing Xin Gan Zhi; Asatsuyu
5e7616fe-5dc9-4982-b4ec-089a350c11d8,"Dongting Mountains, Suzhou",China,Jiangsu,100-300m,"Lake islands with unique microclimate, famous for Bi Luo Chun",Da Hong Pao; English Breakfast; Ti Kuan Yin; Sencha; Matcha; Sheng; Darjeeling; Earl Grey,Shizu-7132; Yiwu Da Ye Zhong; Shi Da Cha; Wuyi Cai Cha; Mao Xie; Si Ji Chun; Ujihikari; Long Jing Qunti Zhong; Saemidori; Xing Ren Xiang; Okuhikari; Kirari 31; Okumidori; Chin Hsin; Inzatsu 131; Bei Dou; Hong Yun; Huang Guan Yin; Da Hong Pao; Zhi Lan Xiang; Anji Bai Cha; Tie Guan Yin; Fuding Da Bai; Kanayamidori; Shui Jin Gui; Cui Yu; Sofu; Shui Xian; Taiwanese Wild Tea; Qi Men Zhong; Tie Luo Han; Da Ye Zhong; Zi Juan; Song Zhong; Goko; Ben Shan; Benifuki; Jin Xuan; Hong Yu; Mengku Da Ye Zhong; Mi Lan Xiang; Tong Tian Xiang; Benihikari; Bai Ji Guan; Koshun; Qi Lan; Huangshan Qunti Zhong; Oku Yutaka; Rou Gui; Ying Xiang; Zhenghe Da Bai; Ya Shi Xiang; Wu Yi; Yutakamidori; Zairai; Qing Xin; Qing Xin Da Mao; Samidori; Asahi; Bai Wen; Komakage; Meiryoku; Mei Zhan; Liu An Gua Pian; Fo Shou; Ju Duo Zai; Long Jing #43; Da Yeh Oolong; Bi Luo Chun Qunti; Gui Hua Xiang; Que She; Huang Jin Gui; Mengding Ganlu; Ban Tian Yao; Ba Xian; Qing Xin Gan Zhi; Asatsuyu
d6f254ee-15d2-41ff-a99a-96f57f888c67,Dongting East Mountain,China,Jiangsu,100-250m,"Eastern island in Tai Lake, traditional Bi Luo Chun area",Da Hong Pao; English Breakfast; Ti Kuan Yin; Sencha; Matcha; Sheng; Darjeeling; Earl Grey,Shizu-7132; Yiwu Da Ye Zhong; Shi Da Cha; Wuyi Cai Cha; Mao Xie; Si Ji Chun; Ujihikari; Long Jing Qunti Zhong; Saemidori; Xing Ren Xiang; Okuhikari; Kirari 31; Okumidori; Chin Hsin; Inzatsu 131; Bei Dou; Hong Yun; Huang Guan Yin; Da Hong Pao; Zhi Lan Xiang; Anji Bai Cha; Tie Guan Yin; Fuding Da Bai; Kanayamidori; Shui Jin Gui; Cui Yu; Sofu; Shui Xian; Taiwanese Wild Tea; Qi Men Zhong; Tie Luo Han; Da Ye Zhong; Zi Juan; Song Zhong; Goko; Ben Shan; Benifuki; Jin Xuan; Hong Yu; Mengku Da Ye Zhong; Mi Lan Xiang; Tong Tian Xiang; Benihikari; Bai Ji Guan; Koshun; Qi Lan; Huangshan Qunti Zhong; Oku Yutaka; Rou Gui; Ying Xiang; Zhenghe Da Bai; Ya Shi Xiang; Wu Yi; Yutakamidori; Zairai; Qing Xin; Qing Xin Da Mao; Samidori; Asahi; Bai Wen; Komakage; Meiryoku; Mei Zhan; Liu An Gua Pian; Fo Shou; Ju Duo Zai; Long Jing #43; Da Yeh Oolong; Bi Luo Chun Qunti; Gui Hua Xiang; Que She; Huang Jin Gui; Mengding Ganlu; Ban Tian Yao; Ba Xian; Qing Xin Gan Zhi; Asatsuyu
ca447a7c-8baf-4acb-a432-9edc0aa4acad,Dongting West Mountain,China,Jiangsu,100-300m,"Western island in Tai Lake, another core Bi Luo Chun region",Da Hong Pao; English Breakfast; Ti Kuan Yin; Sencha; Matcha; Sheng; Darjeeling; Earl Grey,Shizu-7132; Yiwu Da Ye Zhong; Shi Da Cha; Wuyi Cai Cha; Mao Xie; Si Ji Chun; Ujihikari; Long Jing Qunti Zhong; Saemidori; Xing Ren Xiang; Okuhikari; Kirari 31; Okumidori; Chin Hsin; Inzatsu 131; Bei Dou; Hong Yun; Huang Guan Yin; Da Hong Pao; Zhi Lan Xiang; Anji Bai Cha; Tie Guan Yin; Fuding Da Bai; Kanayamidori; Shui Jin Gui; Cui Yu; Sofu; Shui Xian; Taiwanese Wild Tea; Qi Men Zhong; Tie Luo Han; Da Ye Zhong; Zi Juan; Song Zhong; Goko; Ben Shan; Benifuki; Jin Xuan; Hong Yu; Mengku Da Ye Zhong; Mi Lan Xiang; Tong Tian Xiang; Benihikari; Bai Ji Guan; Koshun; Qi Lan; Huangshan Qunti Zhong; Oku Yutaka; Rou Gui; Ying Xiang; Zhenghe Da Bai; Ya Shi Xiang; Wu Yi; Yutakamidori; Zairai; Qing Xin; Qing Xin Da Mao; Samidori; Asahi; Bai Wen; Komakage; Meiryoku; Mei Zhan; Liu An Gua Pian; Fo Shou; Ju Duo Zai; Long Jing #43; Da Yeh Oolong; Bi Luo Chun Qunti; Gui Hua Xiang; Que She; Huang Jin Gui; Mengding Ganlu; Ban Tian Yao; Ba Xian; Qing Xin Gan Zhi; Asatsuyu
aec5e54b-b60b-41b3-8d1f-615f7afa5972,"Mengding Mountain, Ya'an",China,Sichuan,800-1400m,"Historic tea mountain, birthplace of tea cultivation in China",Da Hong Pao; English Breakfast; Ti Kuan Yin; Sencha; Matcha; Sheng; Darjeeling; Earl Grey,Shizu-7132; Yiwu Da Ye Zhong; Shi Da Cha; Wuyi Cai Cha; Mao Xie; Si Ji Chun; Ujihikari; Long Jing Qunti Zhong; Saemidori; Xing Ren Xiang; Okuhikari; Kirari 31; Okumidori; Chin Hsin; Inzatsu 131; Bei Dou; Hong Yun; Huang Guan Yin; Da Hong Pao; Zhi Lan Xiang; Anji Bai Cha; Tie Guan Yin; Fuding Da Bai; Kanayamidori; Shui Jin Gui; Cui Yu; Sofu; Shui Xian; Taiwanese Wild Tea; Qi Men Zhong; Tie Luo Han; Da Ye Zhong; Zi Juan; Song Zhong; Goko; Ben Shan; Benifuki; Jin Xuan; Hong Yu; Mengku Da Ye Zhong; Mi Lan Xiang; Tong Tian Xiang; Benihikari; Bai Ji Guan; Koshun; Qi Lan; Huangshan Qunti Zhong; Oku Yutaka; Rou Gui; Ying Xiang; Zhenghe Da Bai; Ya Shi Xiang; Wu Yi; Yutakamidori; Zairai; Qing Xin; Qing Xin Da Mao; Samidori; Asahi; Bai Wen; Komakage; Meiryoku; Mei Zhan; Liu An Gua Pian; Fo Shou; Ju Duo Zai; Long Jing #43; Da Yeh Oolong; Bi Luo Chun Qunti; Gui Hua Xiang; Que She; Huang Jin Gui; Mengding Ganlu; Ban Tian Yao; Ba Xian; Qing Xin Gan Zhi; Asatsuyu
ebe588a8-b1ca-4b31-b260-a2b367f67809,"Lincang Prefecture, Yunnan",China,Yunnan,1200-2000m,High altitude region with ancient tea forests,Da Hong Pao; English Breakfast; Ti Kuan Yin; Sencha; Matcha; Sheng; Darjeeling; Earl Grey,Shizu-7132; Yiwu Da Ye Zhong; Shi Da Cha; Wuyi Cai Cha; Mao Xie; Si Ji Chun; Ujihikari; Long Jing Qunti Zhong; Saemidori; Xing Ren Xiang; Okuhikari; Kirari 31; Okumidori; Chin Hsin; Inzatsu 131; Bei Dou; Hong Yun; Huang Guan Yin; Da Hong Pao; Zhi Lan Xiang; Anji Bai Cha; Tie Guan Yin; Fuding Da Bai; Kanayamidori; Shui Jin Gui; Cui Yu; Sofu; Shui Xian; Taiwanese Wild Tea; Qi Men Zhong; Tie Luo Han; Da Ye Zhong; Zi Juan; Song Zhong; Goko; Ben Shan; Benifuki; Jin Xuan; Hong Yu; Mengku Da Ye Zhong; Mi Lan Xiang; Tong Tian Xiang; Benihikari; Bai Ji Guan; Koshun; Qi Lan; Huangshan Qunti Zhong; Oku Yutaka; Rou Gui; Ying Xiang; Zhenghe Da Bai; Ya Shi Xiang; Wu Yi; Yutakamidori; Zairai; Qing Xin; Qing Xin Da Mao; Samidori; Asahi; Bai Wen; Komakage; Meiryoku; Mei Zhan; Liu An Gua Pian; Fo Shou; Ju Duo Zai; Long Jing #43; Da Yeh Oolong; Bi Luo Chun Qunti; Gui Hua Xiang; Que She; Huang Jin Gui; Mengding Ganlu; Ban Tian Yao; Ba Xian; Qing Xin Gan Zhi; Asatsuyu
e418a041-68a9-4b1d-8115-7e6362e99fc3,"Mengku Township, Lincang",China,Yunnan,1200-1800m,Famous township for large leaf tea varieties,Da Hong Pao; English Breakfast; Ti Kuan Yin; Sencha; Matcha; Sheng; Darjeeling; Earl Grey,Shizu-7132; Yiwu Da Ye Zhong; Shi Da Cha; Wuyi Cai Cha; Mao Xie; Si Ji Chun; Ujihikari; Long Jing Qunti Zhong; Saemidori; Xing Ren Xiang; Okuhikari; Kirari 31; Okumidori; Chin Hsin; Inzatsu 131; Bei Dou; Hong Yun; Huang Guan Yin; Da Hong Pao; Zhi Lan Xiang; Anji Bai Cha; Tie Guan Yin; Fuding Da Bai; Kanayamidori; Shui Jin Gui; Cui Yu; Sofu; Shui Xian; Taiwanese Wild Tea; Qi Men Zhong; Tie Luo Han; Da Ye Zhong; Zi Juan; Song Zhong; Goko; Ben Shan; Benifuki; Jin Xuan; Hong Yu; Mengku Da Ye Zhong; Mi Lan Xiang; Tong Tian Xiang; Benihikari; Bai Ji Guan; Koshun; Qi Lan; Huangshan Qunti Zhong; Oku Yutaka; Rou Gui; Ying Xiang; Zhenghe Da Bai; Ya Shi Xiang; Wu Yi; Yutakamidori; Zairai; Qing Xin; Qing Xin Da Mao; Samidori; Asahi; Bai Wen; Komakage; Meiryoku; Mei Zhan; Liu An Gua Pian; Fo Shou; Ju Duo Zai; Long Jing #43; Da Yeh Oolong; Bi Luo Chun Qunti; Gui Hua Xiang; Que She; Huang Jin Gui; Mengding Ganlu; Ban Tian Yao; Ba Xian; Qing Xin Gan Zhi; Asatsuyu
29f4d689-9596-445d-bc43-7ca3a59ee745,Xishuangbanna Prefecture,China,Yunnan,500-1800m,Tropical region with ancient tea gardens and diverse terroir,Da Hong Pao; English Breakfast; Ti Kuan Yin; Sencha; Matcha; Sheng; Darjeeling; Earl Grey,Shizu-7132; Yiwu Da Ye Zhong; Shi Da Cha; Wuyi Cai Cha; Mao Xie; Si Ji Chun; Ujihikari; Long Jing Qunti Zhong; Saemidori; Xing Ren Xiang; Okuhikari; Kirari 31; Okumidori; Chin Hsin; Inzatsu 131; Bei Dou; Hong Yun; Huang Guan Yin; Da Hong Pao; Zhi Lan Xiang; Anji Bai Cha; Tie Guan Yin; Fuding Da Bai; Kanayamidori; Shui Jin Gui; Cui Yu; Sofu; Shui Xian; Taiwanese Wild Tea; Qi Men Zhong; Tie Luo Han; Da Ye Zhong; Zi Juan; Song Zhong; Goko; Ben Shan; Benifuki; Jin Xuan; Hong Yu; Mengku Da Ye Zhong; Mi Lan Xiang; Tong Tian Xiang; Benihikari; Bai Ji Guan; Koshun; Qi Lan; Huangshan Qunti Zhong; Oku Yutaka; Rou Gui; Ying Xiang; Zhenghe Da Bai; Ya Shi Xiang; Wu Yi; Yutakamidori; Zairai; Qing Xin; Qing Xin Da Mao; Samidori; Asahi; Bai Wen; Komakage; Meiryoku; Mei Zhan; Liu An Gua Pian; Fo Shou; Ju Duo Zai; Long Jing #43; Da Yeh Oolong; Bi Luo Chun Qunti; Gui Hua Xiang; Que She; Huang Jin Gui; Mengding Ganlu; Ban Tian Yao; Ba Xian; Qing Xin Gan Zhi; Asatsuyu
4b6adca4-e158-4713-8a27-5bc4829c50ff,"Yiwu Township, Xishuangbanna",China,Yunnan,1000-1800m,Historic Pu-erh tea region with ancient tea trees,Da Hong Pao; English Breakfast; Ti Kuan Yin; Sencha; Matcha; Sheng; Darjeeling; Earl Grey,Shizu-7132; Yiwu Da Ye Zhong; Shi Da Cha; Wuyi Cai Cha; Mao Xie; Si Ji Chun; Ujihikari; Long Jing Qunti Zhong; Saemidori; Xing Ren Xiang; Okuhikari; Kirari 31; Okumidori; Chin Hsin; Inzatsu 131; Bei Dou; Hong Yun; Huang Guan Yin; Da Hong Pao; Zhi Lan Xiang; Anji Bai Cha; Tie Guan Yin; Fuding Da Bai; Kanayamidori; Shui Jin Gui; Cui Yu; Sofu; Shui Xian; Taiwanese Wild Tea; Qi Men Zhong; Tie Luo Han; Da Ye Zhong; Zi Juan; Song Zhong; Goko; Ben Shan; Benifuki; Jin Xuan; Hong Yu; Mengku Da Ye Zhong; Mi Lan Xiang; Tong Tian Xiang; Benihikari; Bai Ji Guan; Koshun; Qi Lan; Huangshan Qunti Zhong; Oku Yutaka; Rou Gui; Ying Xiang; Zhenghe Da Bai; Ya Shi Xiang; Wu Yi; Yutakamidori; Zairai; Qing Xin; Qing Xin Da Mao; Samidori; Asahi; Bai Wen; Komakage; Meiryoku; Mei Zhan; Liu An Gua Pian; Fo Shou; Ju Duo Zai; Long Jing #43; Da Yeh Oolong; Bi Luo Chun Qunti; Gui Hua Xiang; Que She; Huang Jin Gui; Mengding Ganlu; Ban Tian Yao; Ba Xian; Qing Xin Gan Zhi; Asatsuyu
9a623d98-cb0d-4582-8c30-f0a9726eee3b,"Pu'er City, Yunnan",China,Yunnan,800-1800m,"Central Yunnan tea region, namesake of Pu-erh tea",Da Hong Pao; English Breakfast; Ti Kuan Yin; Sencha; Matcha; Sheng; Darjeeling; Earl Grey,Shizu-7132; Yiwu Da Ye Zhong; Shi Da Cha; Wuyi Cai Cha; Mao Xie; Si Ji Chun; Ujihikari; Long Jing Qunti Zhong; Saemidori; Xing Ren Xiang; Okuhikari; Kirari 31; Okumidori; Chin Hsin; Inzatsu 131; Bei Dou; Hong Yun; Huang Guan Yin; Da Hong Pao; Zhi Lan Xiang; Anji Bai Cha; Tie Guan Yin; Fuding Da Bai; Kanayamidori; Shui Jin Gui; Cui Yu; Sofu; Shui Xian; Taiwanese Wild Tea; Qi Men Zhong; Tie Luo Han; Da Ye Zhong; Zi Juan; Song Zhong; Goko; Ben Shan; Benifuki; Jin Xuan; Hong Yu; Mengku Da Ye Zhong; Mi Lan Xiang; Tong Tian Xiang; Benihikari; Bai Ji Guan; Koshun; Qi Lan; Huangshan Qunti Zhong; Oku Yutaka; Rou Gui; Ying Xiang; Zhenghe Da Bai; Ya Shi Xiang; Wu Yi; Yutakamidori; Zairai; Qing Xin; Qing Xin Da Mao; Samidori; Asahi; Bai Wen; Komakage; Meiryoku; Mei Zhan; Liu An Gua Pian; Fo Shou; Ju Duo Zai; Long Jing #43; Da Yeh Oolong; Bi Luo Chun Qunti; Gui Hua Xiang; Que She; Huang Jin Gui; Mengding Ganlu; Ban Tian Yao; Ba Xian; Qing Xin Gan Zhi; Asatsuyu
f5fac52d-9283-40ea-8e12-19411f8ceac9,Aichi Prefecture,Japan,Aichi,100-400m,"Temperate climate suitable for tea cultivation, includes Nishio Matcha region",Da Hong Pao; English Breakfast; Ti Kuan Yin; Sencha; Matcha; Sheng; Darjeeling; Earl Grey,Shizu-7132; Yiwu Da Ye Zhong; Shi Da Cha; Wuyi Cai Cha; Mao Xie; Si Ji Chun; Ujihikari; Long Jing Qunti Zhong; Saemidori; Xing Ren Xiang; Okuhikari; Kirari 31; Okumidori; Chin Hsin; Inzatsu 131; Bei Dou; Hong Yun; Huang Guan Yin; Da Hong Pao; Zhi Lan Xiang; Anji Bai Cha; Tie Guan Yin; Fuding Da Bai; Kanayamidori; Shui Jin Gui; Cui Yu; Sofu; Shui Xian; Taiwanese Wild Tea; Qi Men Zhong; Tie Luo Han; Da Ye Zhong; Zi Juan; Song Zhong; Goko; Ben Shan; Benifuki; Jin Xuan; Hong Yu; Mengku Da Ye Zhong; Mi Lan Xiang; Tong Tian Xiang; Benihikari; Bai Ji Guan; Koshun; Qi Lan; Huangshan Qunti Zhong; Oku Yutaka; Rou Gui; Ying Xiang; Zhenghe Da Bai; Ya Shi Xiang; Wu Yi; Yutakamidori; Zairai; Qing Xin; Qing Xin Da Mao; Samidori; Asahi; Bai Wen; Komakage; Meiryoku; Mei Zhan; Liu An Gua Pian; Fo Shou; Ju Duo Zai; Long Jing #43; Da Yeh Oolong; Bi Luo Chun Qunti; Gui Hua Xiang; Que She; Huang Jin Gui; Mengding Ganlu; Ban Tian Yao; Ba Xian; Qing Xin Gan Zhi; Asatsuyu
00a7a9bf-19ec-4a76-a534-e0b17f7a865f,"Nishio City, Aichi",Japan,Aichi,50-200m,Major Matcha production center with ideal climate,Da Hong Pao; English Breakfast; Ti Kuan Yin; Sencha; Matcha; Sheng; Darjeeling; Earl Grey,Shizu-7132; Yiwu Da Ye Zhong; Shi Da Cha; Wuyi Cai Cha; Mao Xie; Si Ji Chun; Ujihikari; Long Jing Qunti Zhong; Saemidori; Xing Ren Xiang; Okuhikari; Kirari 31; Okumidori; Chin Hsin; Inzatsu 131; Bei Dou; Hong Yun; Huang Guan Yin; Da Hong Pao; Zhi Lan Xiang; Anji Bai Cha; Tie Guan Yin; Fuding Da Bai; Kanayamidori; Shui Jin Gui; Cui Yu; Sofu; Shui Xian; Taiwanese Wild Tea; Qi Men Zhong; Tie Luo Han; Da Ye Zhong; Zi Juan; Song Zhong; Goko; Ben Shan; Benifuki; Jin Xuan; Hong Yu; Mengku Da Ye Zhong; Mi Lan Xiang; Tong Tian Xiang; Benihikari; Bai Ji Guan; Koshun; Qi Lan; Huangshan Qunti Zhong; Oku Yutaka; Rou Gui; Ying Xiang; Zhenghe Da Bai; Ya Shi Xiang; Wu Yi; Yutakamidori; Zairai; Qing Xin; Qing Xin Da Mao; Samidori; Asahi; Bai Wen; Komakage; Meiryoku; Mei Zhan; Liu An Gua Pian; Fo Shou; Ju Duo Zai; Long Jing #43; Da Yeh Oolong; Bi Luo Chun Qunti; Gui Hua Xiang; Que She; Huang Jin Gui; Mengding Ganlu; Ban Tian Yao; Ba Xian; Qing Xin Gan Zhi; Asatsuyu
cd71a255-cbe5-4344-b3f6-9431cc2bf6e2,Fukuoka Prefecture,Japan,Fukuoka,100-500m,"Southern Japan with warm climate, birthplace of Saemidori",Da Hong Pao; English Breakfast; Ti Kuan Yin; Sencha; Matcha; Sheng; Darjeeling; Earl Grey,Shizu-7132; Yiwu Da Ye Zhong; Shi Da Cha; Wuyi Cai Cha; Mao Xie; Si Ji Chun; Ujihikari; Long Jing Qunti Zhong; Saemidori; Xing Ren Xiang; Okuhikari; Kirari 31; Okumidori; Chin Hsin; Inzatsu 131; Bei Dou; Hong Yun; Huang Guan Yin; Da Hong Pao; Zhi Lan Xiang; Anji Bai Cha; Tie Guan Yin; Fuding Da Bai; Kanayamidori; Shui Jin Gui; Cui Yu; Sofu; Shui Xian; Taiwanese Wild Tea; Qi Men Zhong; Tie Luo Han; Da Ye Zhong; Zi Juan; Song Zhong; Goko; Ben Shan; Benifuki; Jin Xuan; Hong Yu; Mengku Da Ye Zhong; Mi Lan Xiang; Tong Tian Xiang; Benihikari; Bai Ji Guan; Koshun; Qi Lan; Huangshan Qunti Zhong; Oku Yutaka; Rou Gui; Ying Xiang; Zhenghe Da Bai; Ya Shi Xiang; Wu Yi; Yutakamidori; Zairai; Qing Xin; Qing Xin Da Mao; Samidori; Asahi; Bai Wen; Komakage; Meiryoku; Mei Zhan; Liu An Gua Pian; Fo Shou; Ju Duo Zai; Long Jing #43; Da Yeh Oolong; Bi Luo Chun Qunti; Gui Hua Xiang; Que She; Huang Jin Gui; Mengding Ganlu; Ban Tian Yao; Ba Xian; Qing Xin Gan Zhi; Asatsuyu
89c1d2ef-23f0-4bee-899a-da8f6fe7a83f,Kagoshima Prefecture,Japan,Kagoshima,100-800m,Southernmost major tea region with volcanic soil,Da Hong Pao; English Breakfast; Ti Kuan Yin; Sencha; Matcha; Sheng; Darjeeling; Earl Grey,Shizu-7132; Yiwu Da Ye Zhong; Shi Da Cha; Wuyi Cai Cha; Mao Xie; Si Ji Chun; Ujihikari; Long Jing Qunti Zhong; Saemidori; Xing Ren Xiang; Okuhikari; Kirari 31; Okumidori; Chin Hsin; Inzatsu 131; Bei Dou; Hong Yun; Huang Guan Yin; Da Hong Pao; Zhi Lan Xiang; Anji Bai Cha; Tie Guan Yin; Fuding Da Bai; Kanayamidori; Shui Jin Gui; Cui Yu; Sofu; Shui Xian; Taiwanese Wild Tea; Qi Men Zhong; Tie Luo Han; Da Ye Zhong; Zi Juan; Song Zhong; Goko; Ben Shan; Benifuki; Jin Xuan; Hong Yu; Mengku Da Ye Zhong; Mi Lan Xiang; Tong Tian Xiang; Benihikari; Bai Ji Guan; Koshun; Qi Lan; Huangshan Qunti Zhong; Oku Yutaka; Rou Gui; Ying Xiang; Zhenghe Da Bai; Ya Shi Xiang; Wu Yi; Yutakamidori; Zairai; Qing Xin; Qing Xin Da Mao; Samidori; Asahi; Bai Wen; Komakage; Meiryoku; Mei Zhan; Liu An Gua Pian; Fo Shou; Ju Duo Zai; Long Jing #43; Da Yeh Oolong; Bi Luo Chun Qunti; Gui Hua Xiang; Que She; Huang Jin Gui; Mengding Ganlu; Ban Tian Yao; Ba Xian; Qing Xin Gan Zhi; Asatsuyu
2cf7fcba-43c1-472c-a544-a2aa68cb6878,Miyazaki Prefecture,Japan,Miyazaki,100-600m,Warm southern climate suitable for early harvest cultivars,Da Hong Pao; English Breakfast; Ti Kuan Yin; Sencha; Matcha; Sheng; Darjeeling; Earl Grey,Shizu-7132; Yiwu Da Ye Zhong; Shi Da Cha; Wuyi Cai Cha; Mao Xie; Si Ji Chun; Ujihikari; Long Jing Qunti Zhong; Saemidori; Xing Ren Xiang; Okuhikari; Kirari 31; Okumidori; Chin Hsin; Inzatsu 131; Bei Dou; Hong Yun; Huang Guan Yin; Da Hong Pao; Zhi Lan Xiang; Anji Bai Cha; Tie Guan Yin; Fuding Da Bai; Kanayamidori; Shui Jin Gui; Cui Yu; Sofu; Shui Xian; Taiwanese Wild Tea; Qi Men Zhong; Tie Luo Han; Da Ye Zhong; Zi Juan; Song Zhong; Goko; Ben Shan; Benifuki; Jin Xuan; Hong Yu; Mengku Da Ye Zhong; Mi Lan Xiang; Tong Tian Xiang; Benihikari; Bai Ji Guan; Koshun; Qi Lan; Huangshan Qunti Zhong; Oku Yutaka; Rou Gui; Ying Xiang; Zhenghe Da Bai; Ya Shi Xiang; Wu Yi; Yutakamidori; Zairai; Qing Xin; Qing Xin Da Mao; Samidori; Asahi; Bai Wen; Komakage; Meiryoku; Mei Zhan; Liu An Gua Pian; Fo Shou; Ju Duo Zai; Long Jing #43; Da Yeh Oolong; Bi Luo Chun Qunti; Gui Hua Xiang; Que She; Huang Jin Gui; Mengding Ganlu; Ban Tian Yao; Ba Xian; Qing Xin Gan Zhi; Asatsuyu
45238947-960c-45b4-9d6a-a5797fa96779,Mie Prefecture,Japan,Mie,100-500m,Central Japan with mountain regions for quality tea,Da Hong Pao; English Breakfast; Ti Kuan Yin; Sencha; Matcha; Sheng; Darjeeling; Earl Grey,Shizu-7132; Yiwu Da Ye Zhong; Shi Da Cha; Wuyi Cai Cha; Mao Xie; Si Ji Chun; Ujihikari; Long Jing Qunti Zhong; Saemidori; Xing Ren Xiang; Okuhikari; Kirari 31; Okumidori; Chin Hsin; Inzatsu 131; Bei Dou; Hong Yun; Huang Guan Yin; Da Hong Pao; Zhi Lan Xiang; Anji Bai Cha; Tie Guan Yin; Fuding Da Bai; Kanayamidori; Shui Jin Gui; Cui Yu; Sofu; Shui Xian; Taiwanese Wild Tea; Qi Men Zhong; Tie Luo Han; Da Ye Zhong; Zi Juan; Song Zhong; Goko; Ben Shan; Benifuki; Jin Xuan; Hong Yu; Mengku Da Ye Zhong; Mi Lan Xiang; Tong Tian Xiang; Benihikari; Bai Ji Guan; Koshun; Qi Lan; Huangshan Qunti Zhong; Oku Yutaka; Rou Gui; Ying Xiang; Zhenghe Da Bai; Ya Shi Xiang; Wu Yi; Yutakamidori; Zairai; Qing Xin; Qing Xin Da Mao; Samidori; Asahi; Bai Wen; Komakage; Meiryoku; Mei Zhan; Liu An Gua Pian; Fo Shou; Ju Duo Zai; Long Jing #43; Da Yeh Oolong; Bi Luo Chun Qunti; Gui Hua Xiang; Que She; Huang Jin Gui; Mengding Ganlu; Ban Tian Yao; Ba Xian; Qing Xin Gan Zhi; Asatsuyu
a088936b-caec-4979-a599-7d03db25cd9e,Kyoto Prefecture,Japan,Kyoto,100-600m,Historic tea region with traditional cultivation methods,Da Hong Pao; English Breakfast; Ti Kuan Yin; Sencha; Matcha; Sheng; Darjeeling; Earl Grey,Shizu-7132; Yiwu Da Ye Zhong; Shi Da Cha; Wuyi Cai Cha; Mao Xie; Si Ji Chun; Ujihikari; Long Jing Qunti Zhong; Saemidori; Xing Ren Xiang; Okuhikari; Kirari 31; Okumidori; Chin Hsin; Inzatsu 131; Bei Dou; Hong Yun; Huang Guan Yin; Da Hong Pao; Zhi Lan Xiang; Anji Bai Cha; Tie Guan Yin; Fuding Da Bai; Kanayamidori; Shui Jin Gui; Cui Yu; Sofu; Shui Xian; Taiwanese Wild Tea; Qi Men Zhong; Tie Luo Han; Da Ye Zhong; Zi Juan; Song Zhong; Goko; Ben Shan; Benifuki; Jin Xuan; Hong Yu; Mengku Da Ye Zhong; Mi Lan Xiang; Tong Tian Xiang; Benihikari; Bai Ji Guan; Koshun; Qi Lan; Huangshan Qunti Zhong; Oku Yutaka; Rou Gui; Ying Xiang; Zhenghe Da Bai; Ya Shi Xiang; Wu Yi; Yutakamidori; Zairai; Qing Xin; Qing Xin Da Mao; Samidori; Asahi; Bai Wen; Komakage; Meiryoku; Mei Zhan; Liu An Gua Pian; Fo Shou; Ju Duo Zai; Long Jing #43; Da Yeh Oolong; Bi Luo Chun Qunti; Gui Hua Xiang; Que She; Huang Jin Gui; Mengding Ganlu; Ban Tian Yao; Ba Xian; Qing Xin Gan Zhi; Asatsuyu
4f19ce1b-98fd-4ce3-8fd3-b5069d1684f0,"Uji City, Kyoto",Japan,Kyoto,50-300m,Famous for high-grade Matcha and Gyokuro production,Da Hong Pao; English Breakfast; Ti Kuan Yin; Sencha; Matcha; Sheng; Darjeeling; Earl Grey,Shizu-7132; Yiwu Da Ye Zhong; Shi Da Cha; Wuyi Cai Cha; Mao Xie; Si Ji Chun; Ujihikari; Long Jing Qunti Zhong; Saemidori; Xing Ren Xiang; Okuhikari; Kirari 31; Okumidori; Chin Hsin; Inzatsu 131; Bei Dou; Hong Yun; Huang Guan Yin; Da Hong Pao; Zhi Lan Xiang; Anji Bai Cha; Tie Guan Yin; Fuding Da Bai; Kanayamidori; Shui Jin Gui; Cui Yu; Sofu; Shui Xian; Taiwanese Wild Tea; Qi Men Zhong; Tie Luo Han; Da Ye Zhong; Zi Juan; Song Zhong; Goko; Ben Shan; Benifuki; Jin Xuan; Hong Yu; Mengku Da Ye Zhong; Mi Lan Xiang; Tong Tian Xiang; Benihikari; Bai Ji Guan; Koshun; Qi Lan; Huangshan Qunti Zhong; Oku Yutaka; Rou Gui; Ying Xiang; Zhenghe Da Bai; Ya Shi Xiang; Wu Yi; Yutakamidori; Zairai; Qing Xin; Qing Xin Da Mao; Samidori; Asahi; Bai Wen; Komakage; Meiryoku; Mei Zhan; Liu An Gua Pian; Fo Shou; Ju Duo Zai; Long Jing #43; Da Yeh Oolong; Bi Luo Chun Qunti; Gui Hua Xiang; Que She; Huang Jin Gui; Mengding Ganlu; Ban Tian Yao; Ba Xian; Qing Xin Gan Zhi; Asatsuyu
ce1c39e5-3fa1-4254-b392-e3e13c7da016,"Wazuka Town, Kyoto",Japan,Kyoto,200-500m,Mountain area known for traditional tea cultivation,Da Hong Pao; English Breakfast; Ti Kuan Yin; Sencha; Matcha; Sheng; Darjeeling; Earl Grey,Shizu-7132; Yiwu Da Ye Zhong; Shi Da Cha; Wuyi Cai Cha; Mao Xie; Si Ji Chun; Ujihikari; Long Jing Qunti Zhong; Saemidori; Xing Ren Xiang; Okuhikari; Kirari 31; Okumidori; Chin Hsin; Inzatsu 131; Bei Dou; Hong Yun; Huang Guan Yin; Da Hong Pao; Zhi Lan Xiang; Anji Bai Cha; Tie Guan Yin; Fuding Da Bai; Kanayamidori; Shui Jin Gui; Cui Yu; Sofu; Shui Xian; Taiwanese Wild Tea; Qi Men Zhong; Tie Luo Han; Da Ye Zhong; Zi Juan; Song Zhong; Goko; Ben Shan; Benifuki; Jin Xuan; Hong Yu; Mengku Da Ye Zhong; Mi Lan Xiang; Tong Tian Xiang; Benihikari; Bai Ji Guan; Koshun; Qi Lan; Huangshan Qunti Zhong; Oku Yutaka; Rou Gui; Ying Xiang; Zhenghe Da Bai; Ya Shi Xiang; Wu Yi; Yutakamidori; Zairai; Qing Xin; Qing Xin Da Mao; Samidori; Asahi; Bai Wen; Komakage; Meiryoku; Mei Zhan; Liu An Gua Pian; Fo Shou; Ju Duo Zai; Long Jing #43; Da Yeh Oolong; Bi Luo Chun Qunti; Gui Hua Xiang; Que She; Huang Jin Gui; Mengding Ganlu; Ban Tian Yao; Ba Xian; Qing Xin Gan Zhi; Asatsuyu
ae459d0b-dbe8-402c-8de6-e0bc060e47d1,Saitama Prefecture,Japan,Saitama,100-400m,Temperate region near Tokyo with tea cultivation,Da Hong Pao; English Breakfast; Ti Kuan Yin; Sencha; Matcha; Sheng; Darjeeling; Earl Grey,Shizu-7132; Yiwu Da Ye Zhong; Shi Da Cha; Wuyi Cai Cha; Mao Xie; Si Ji Chun; Ujihikari; Long Jing Qunti Zhong; Saemidori; Xing Ren Xiang; Okuhikari; Kirari 31; Okumidori; Chin Hsin; Inzatsu 131; Bei Dou; Hong Yun; Huang Guan Yin; Da Hong Pao; Zhi Lan Xiang; Anji Bai Cha; Tie Guan Yin; Fuding Da Bai; Kanayamidori; Shui Jin Gui; Cui Yu; Sofu; Shui Xian; Taiwanese Wild Tea; Qi Men Zhong; Tie Luo Han; Da Ye Zhong; Zi Juan; Song Zhong; Goko; Ben Shan; Benifuki; Jin Xuan; Hong Yu; Mengku Da Ye Zhong; Mi Lan Xiang; Tong Tian Xiang; Benihikari; Bai Ji Guan; Koshun; Qi Lan; Huangshan Qunti Zhong; Oku Yutaka; Rou Gui; Ying Xiang; Zhenghe Da Bai; Ya Shi Xiang; Wu Yi; Yutakamidori; Zairai; Qing Xin; Qing Xin Da Mao; Samidori; Asahi; Bai Wen; Komakage; Meiryoku; Mei Zhan; Liu An Gua Pian; Fo Shou; Ju Duo Zai; Long Jing #43; Da Yeh Oolong; Bi Luo Chun Qunti; Gui Hua Xiang; Que She; Huang Jin Gui; Mengding Ganlu; Ban Tian Yao; Ba Xian; Qing Xin Gan Zhi; Asatsuyu
b6fe0b83-42ab-42de-8914-6d6ca2c0ff6d,Nara Prefecture,Japan,Nara,200-800m,Historic region with traditional tea cultivation,Da Hong Pao; English Breakfast; Ti Kuan Yin; Sencha; Matcha; Sheng; Darjeeling; Earl Grey,Shizu-7132; Yiwu Da Ye Zhong; Shi Da Cha; Wuyi Cai Cha; Mao Xie; Si Ji Chun; Ujihikari; Long Jing Qunti Zhong; Saemidori; Xing Ren Xiang; Okuhikari; Kirari 31; Okumidori; Chin Hsin; Inzatsu 131; Bei Dou; Hong Yun; Huang Guan Yin; Da Hong Pao; Zhi Lan Xiang; Anji Bai Cha; Tie Guan Yin; Fuding Da Bai; Kanayamidori; Shui Jin Gui; Cui Yu; Sofu; Shui Xian; Taiwanese Wild Tea; Qi Men Zhong; Tie Luo Han; Da Ye Zhong; Zi Juan; Song Zhong; Goko; Ben Shan; Benifuki; Jin Xuan; Hong Yu; Mengku Da Ye Zhong; Mi Lan Xiang; Tong Tian Xiang; Benihikari; Bai Ji Guan; Koshun; Qi Lan; Huangshan Qunti Zhong; Oku Yutaka; Rou Gui; Ying Xiang; Zhenghe Da Bai; Ya Shi Xiang; Wu Yi; Yutakamidori; Zairai; Qing Xin; Qing Xin Da Mao; Samidori; Asahi; Bai Wen; Komakage; Meiryoku; Mei Zhan; Liu An Gua Pian; Fo Shou; Ju Duo Zai; Long Jing #43; Da Yeh Oolong; Bi Luo Chun Qunti; Gui Hua Xiang; Que She; Huang Jin Gui; Mengding Ganlu; Ban Tian Yao; Ba Xian; Qing Xin Gan Zhi; Asatsuyu
50b0b873-f5f2-4eec-b552-8800cb248282,Nantou County,Taiwan,Nantou,300-2000m,Central Taiwan mountains with diverse altitude zones,Da Hong Pao; English Breakfast; Ti Kuan Yin; Sencha; Matcha; Sheng; Darjeeling; Earl Grey,Shizu-7132; Yiwu Da Ye Zhong; Shi Da Cha; Wuyi Cai Cha; Mao Xie; Si Ji Chun; Ujihikari; Long Jing Qunti Zhong; Saemidori; Xing Ren Xiang; Okuhikari; Kirari 31; Okumidori; Chin Hsin; Inzatsu 131; Bei Dou; Hong Yun; Huang Guan Yin; Da Hong Pao; Zhi Lan Xiang; Anji Bai Cha; Tie Guan Yin; Fuding Da Bai; Kanayamidori; Shui Jin Gui; Cui Yu; Sofu; Shui Xian; Taiwanese Wild Tea; Qi Men Zhong; Tie Luo Han; Da Ye Zhong; Zi Juan; Song Zhong; Goko; Ben Shan; Benifuki; Jin Xuan; Hong Yu; Mengku Da Ye Zhong; Mi Lan Xiang; Tong Tian Xiang; Benihikari; Bai Ji Guan; Koshun; Qi Lan; Huangshan Qunti Zhong; Oku Yutaka; Rou Gui; Ying Xiang; Zhenghe Da Bai; Ya Shi Xiang; Wu Yi; Yutakamidori; Zairai; Qing Xin; Qing Xin Da Mao; Samidori; Asahi; Bai Wen; Komakage; Meiryoku; Mei Zhan; Liu An Gua Pian; Fo Shou; Ju Duo Zai; Long Jing #43; Da Yeh Oolong; Bi Luo Chun Qunti; Gui Hua Xiang; Que She; Huang Jin Gui; Mengding Ganlu; Ban Tian Yao; Ba Xian; Qing Xin Gan Zhi; Asatsuyu
9da2e78c-1009-48b4-8e64-28c5bd89af92,"Lishan, Nantou",Taiwan,Nantou,1800-2300m,High mountain area producing premium high-altitude oolongs,Da Hong Pao; English Breakfast; Ti Kuan Yin; Sencha; Matcha; Sheng; Darjeeling; Earl Grey,Shizu-7132; Yiwu Da Ye Zhong; Shi Da Cha; Wuyi Cai Cha; Mao Xie; Si Ji Chun; Ujihikari; Long Jing Qunti Zhong; Saemidori; Xing Ren Xiang; Okuhikari; Kirari 31; Okumidori; Chin Hsin; Inzatsu 131; Bei Dou; Hong Yun; Huang Guan Yin; Da Hong Pao; Zhi Lan Xiang; Anji Bai Cha; Tie Guan Yin; Fuding Da Bai; Kanayamidori; Shui Jin Gui; Cui Yu; Sofu; Shui Xian; Taiwanese Wild Tea; Qi Men Zhong; Tie Luo Han; Da Ye Zhong; Zi Juan; Song Zhong; Goko; Ben Shan; Benifuki; Jin Xuan; Hong Yu; Mengku Da Ye Zhong; Mi Lan Xiang; Tong Tian Xiang; Benihikari; Bai Ji Guan; Koshun; Qi Lan; Huangshan Qunti Zhong; Oku Yutaka; Rou Gui; Ying Xiang; Zhenghe Da Bai; Ya Shi Xiang; Wu Yi; Yutakamidori; Zairai; Qing Xin; Qing Xin Da Mao; Samidori; Asahi; Bai Wen; Komakage; Meiryoku; Mei Zhan; Liu An Gua Pian; Fo Shou; Ju Duo Zai; Long Jing #43; Da Yeh Oolong; Bi Luo Chun Qunti; Gui Hua Xiang; Que She; Huang Jin Gui; Mengding Ganlu; Ban Tian Yao; Ba Xian; Qing Xin Gan Zhi; Asatsuyu
4a962a7c-ac02-4381-8bc5-45bda1d73064,"Alishan, Nantou/Chiayi",Taiwan,Nantou,1000-2300m,Famous mountain range for high-altitude tea cultivation,Da Hong Pao; English Breakfast; Ti Kuan Yin; Sencha; Matcha; Sheng; Darjeeling; Earl Grey,Shizu-7132; Yiwu Da Ye Zhong; Shi Da Cha; Wuyi Cai Cha; Mao Xie; Si Ji Chun; Ujihikari; Long Jing Qunti Zhong; Saemidori; Xing Ren Xiang; Okuhikari; Kirari 31; Okumidori; Chin Hsin; Inzatsu 131; Bei Dou; Hong Yun; Huang Guan Yin; Da Hong Pao; Zhi Lan Xiang; Anji Bai Cha; Tie Guan Yin; Fuding Da Bai; Kanayamidori; Shui Jin Gui; Cui Yu; Sofu; Shui Xian; Taiwanese Wild Tea; Qi Men Zhong; Tie Luo Han; Da Ye Zhong; Zi Juan; Song Zhong; Goko; Ben Shan; Benifuki; Jin Xuan; Hong Yu; Mengku Da Ye Zhong; Mi Lan Xiang; Tong Tian Xiang; Benihikari; Bai Ji Guan; Koshun; Qi Lan; Huangshan Qunti Zhong; Oku Yutaka; Rou Gui; Ying Xiang; Zhenghe Da Bai; Ya Shi Xiang; Wu Yi; Yutakamidori; Zairai; Qing Xin; Qing Xin Da Mao; Samidori; Asahi; Bai Wen; Komakage; Meiryoku; Mei Zhan; Liu An Gua Pian; Fo Shou; Ju Duo Zai; Long Jing #43; Da Yeh Oolong; Bi Luo Chun Qunti; Gui Hua Xiang; Que She; Huang Jin Gui; Mengding Ganlu; Ban Tian Yao; Ba Xian; Qing Xin Gan Zhi; Asatsuyu
250e2814-94d0-482e-81aa-ac86c77841ed,"Shan Lin Xi, Nantou",Taiwan,Nantou,1400-1800m,High mountain area known for premium oolongs,Da Hong Pao; English Breakfast; Ti Kuan Yin; Sencha; Matcha; Sheng; Darjeeling; Earl Grey,Shizu-7132; Yiwu Da Ye Zhong; Shi Da Cha; Wuyi Cai Cha; Mao Xie; Si Ji Chun; Ujihikari; Long Jing Qunti Zhong; Saemidori; Xing Ren Xiang; Okuhikari; Kirari 31; Okumidori; Chin Hsin; Inzatsu 131; Bei Dou; Hong Yun; Huang Guan Yin; Da Hong Pao; Zhi Lan Xiang; Anji Bai Cha; Tie Guan Yin; Fuding Da Bai; Kanayamidori; Shui Jin Gui; Cui Yu; Sofu; Shui Xian; Taiwanese Wild Tea; Qi Men Zhong; Tie Luo Han; Da Ye Zhong; Zi Juan; Song Zhong; Goko; Ben Shan; Benifuki; Jin Xuan; Hong Yu; Mengku Da Ye Zhong; Mi Lan Xiang; Tong Tian Xiang; Benihikari; Bai Ji Guan; Koshun; Qi Lan; Huangshan Qunti Zhong; Oku Yutaka; Rou Gui; Ying Xiang; Zhenghe Da Bai; Ya Shi Xiang; Wu Yi; Yutakamidori; Zairai; Qing Xin; Qing Xin Da Mao; Samidori; Asahi; Bai Wen; Komakage; Meiryoku; Mei Zhan; Liu An Gua Pian; Fo Shou; Ju Duo Zai; Long Jing #43; Da Yeh Oolong; Bi Luo Chun Qunti; Gui Hua Xiang; Que She; Huang Jin Gui; Mengding Ganlu; Ban Tian Yao; Ba Xian; Qing Xin Gan Zhi; Asatsuyu
396dd3c1-266f-44c9-81f8-ffd98804cdb6,"Sun Moon Lake, Nantou",Taiwan,Nantou,700-900m,Lake region with unique microclimate for black tea,Da Hong Pao; English Breakfast; Ti Kuan Yin; Sencha; Matcha; Sheng; Darjeeling; Earl Grey,Shizu-7132; Yiwu Da Ye Zhong; Shi Da Cha; Wuyi Cai Cha; Mao Xie; Si Ji Chun; Ujihikari; Long Jing Qunti Zhong; Saemidori; Xing Ren Xiang; Okuhikari; Kirari 31; Okumidori; Chin Hsin; Inzatsu 131; Bei Dou; Hong Yun; Huang Guan Yin; Da Hong Pao; Zhi Lan Xiang; Anji Bai Cha; Tie Guan Yin; Fuding Da Bai; Kanayamidori; Shui Jin Gui; Cui Yu; Sofu; Shui Xian; Taiwanese Wild Tea; Qi Men Zhong; Tie Luo Han; Da Ye Zhong; Zi Juan; Song Zhong; Goko; Ben Shan; Benifuki; Jin Xuan; Hong Yu; Mengku Da Ye Zhong; Mi Lan Xiang; Tong Tian Xiang; Benihikari; Bai Ji Guan; Koshun; Qi Lan; Huangshan Qunti Zhong; Oku Yutaka; Rou Gui; Ying Xiang; Zhenghe Da Bai; Ya Shi Xiang; Wu Yi; Yutakamidori; Zairai; Qing Xin; Qing Xin Da Mao; Samidori; Asahi; Bai Wen; Komakage; Meiryoku; Mei Zhan; Liu An Gua Pian; Fo Shou; Ju Duo Zai; Long Jing #43; Da Yeh Oolong; Bi Luo Chun Qunti; Gui Hua Xiang; Que She; Huang Jin Gui; Mengding Ganlu; Ban Tian Yao; Ba Xian; Qing Xin Gan Zhi; Asatsuyu
c35be01b-8af3-4c85-84f1-b912a380a609,"Yuchi Township, Nantou",Taiwan,Nantou,600-1000m,"Sun Moon Lake area, famous for Ruby black tea",Da Hong Pao; English Breakfast; Ti Kuan Yin; Sencha; Matcha; Sheng; Darjeeling; Earl Grey,Shizu-7132; Yiwu Da Ye Zhong; Shi Da Cha; Wuyi Cai Cha; Mao Xie; Si Ji Chun; Ujihikari; Long Jing Qunti Zhong; Saemidori; Xing Ren Xiang; Okuhikari; Kirari 31; Okumidori; Chin Hsin; Inzatsu 131; Bei Dou; Hong Yun; Huang Guan Yin; Da Hong Pao; Zhi Lan Xiang; Anji Bai Cha; Tie Guan Yin; Fuding Da Bai; Kanayamidori; Shui Jin Gui; Cui Yu; Sofu; Shui Xian; Taiwanese Wild Tea; Qi Men Zhong; Tie Luo Han; Da Ye Zhong; Zi Juan; Song Zhong; Goko; Ben Shan; Benifuki; Jin Xuan; Hong Yu; Mengku Da Ye Zhong; Mi Lan Xiang; Tong Tian Xiang; Benihikari; Bai Ji Guan; Koshun; Qi Lan; Huangshan Qunti Zhong; Oku Yutaka; Rou Gui; Ying Xiang; Zhenghe Da Bai; Ya Shi Xiang; Wu Yi; Yutakamidori; Zairai; Qing Xin; Qing Xin Da Mao; Samidori; Asahi; Bai Wen; Komakage; Meiryoku; Mei Zhan; Liu An Gua Pian; Fo Shou; Ju Duo Zai; Long Jing #43; Da Yeh Oolong; Bi Luo Chun Qunti; Gui Hua Xiang; Que She; Huang Jin Gui; Mengding Ganlu; Ban Tian Yao; Ba Xian; Qing Xin Gan Zhi; Asatsuyu
39c0ba03-7ad2-43ac-8b0c-b4fda51ec622,"Lugu Township, Nantou",Taiwan,Nantou,700-1200m,Mountain township known for oolong production,Da Hong Pao; English Breakfast; Ti Kuan Yin; Sencha; Matcha; Sheng; Darjeeling; Earl Grey,Shizu-7132; Yiwu Da Ye Zhong; Shi Da Cha; Wuyi Cai Cha; Mao Xie; Si Ji Chun; Ujihikari; Long Jing Qunti Zhong; Saemidori; Xing Ren Xiang; Okuhikari; Kirari 31; Okumidori; Chin Hsin; Inzatsu 131; Bei Dou; Hong Yun; Huang Guan Yin; Da Hong Pao; Zhi Lan Xiang; Anji Bai Cha; Tie Guan Yin; Fuding Da Bai; Kanayamidori; Shui Jin Gui; Cui Yu; Sofu; Shui Xian; Taiwanese Wild Tea; Qi Men Zhong; Tie Luo Han; Da Ye Zhong; Zi Juan; Song Zhong; Goko; Ben Shan; Benifuki; Jin Xuan; Hong Yu; Mengku Da Ye Zhong; Mi Lan Xiang; Tong Tian Xiang; Benihikari; Bai Ji Guan; Koshun; Qi Lan; Huangshan Qunti Zhong; Oku Yutaka; Rou Gui; Ying Xiang; Zhenghe Da Bai; Ya Shi Xiang; Wu Yi; Yutakamidori; Zairai; Qing Xin; Qing Xin Da Mao; Samidori; Asahi; Bai Wen; Komakage; Meiryoku; Mei Zhan; Liu An Gua Pian; Fo Shou; Ju Duo Zai; Long Jing #43; Da Yeh Oolong; Bi Luo Chun Qunti; Gui Hua Xiang; Que She; Huang Jin Gui; Mengding Ganlu; Ban Tian Yao; Ba Xian; Qing Xin Gan Zhi; Asatsuyu
7b4e8e9a-5738-401a-b901-639c44d48e75,"Mingjian Township, Nantou",Taiwan,Nantou,200-800m,Lower altitude area for commercial tea production,Da Hong Pao; English Breakfast; Ti Kuan Yin; Sencha; Matcha; Sheng; Darjeeling; Earl Grey,Shizu-7132; Yiwu Da Ye Zhong; Shi Da Cha; Wuyi Cai Cha; Mao Xie; Si Ji Chun; Ujihikari; Long Jing Qunti Zhong; Saemidori; Xing Ren Xiang; Okuhikari; Kirari 31; Okumidori; Chin Hsin; Inzatsu 131; Bei Dou; Hong Yun; Huang Guan Yin; Da Hong Pao; Zhi Lan Xiang; Anji Bai Cha; Tie Guan Yin; Fuding Da Bai; Kanayamidori; Shui Jin Gui; Cui Yu; Sofu; Shui Xian; Taiwanese Wild Tea; Qi Men Zhong; Tie Luo Han; Da Ye Zhong; Zi Juan; Song Zhong; Goko; Ben Shan; Benifuki; Jin Xuan; Hong Yu; Mengku Da Ye Zhong; Mi Lan Xiang; Tong Tian Xiang; Benihikari; Bai Ji Guan; Koshun; Qi Lan; Huangshan Qunti Zhong; Oku Yutaka; Rou Gui; Ying Xiang; Zhenghe Da Bai; Ya Shi Xiang; Wu Yi; Yutakamidori; Zairai; Qing Xin; Qing Xin Da Mao; Samidori; Asahi; Bai Wen; Komakage; Meiryoku; Mei Zhan; Liu An Gua Pian; Fo Shou; Ju Duo Zai; Long Jing #43; Da Yeh Oolong; Bi Luo Chun Qunti; Gui Hua Xiang; Que She; Huang Jin Gui; Mengding Ganlu; Ban Tian Yao; Ba Xian; Qing Xin Gan Zhi; Asatsuyu
997609ad-b2f9-4dca-8fff-3a2f717fcd2a,"Zhushan Township, Nantou",Taiwan,Nantou,300-1000m,Mountain area with bamboo forests and tea gardens,Da Hong Pao; English Breakfast; Ti Kuan Yin; Sencha; Matcha; Sheng; Darjeeling; Earl Grey,Shizu-7132; Yiwu Da Ye Zhong; Shi Da Cha; Wuyi Cai Cha; Mao Xie; Si Ji Chun; Ujihikari; Long Jing Qunti Zhong; Saemidori; Xing Ren Xiang; Okuhikari; Kirari 31; Okumidori; Chin Hsin; Inzatsu 131; Bei Dou; Hong Yun; Huang Guan Yin; Da Hong Pao; Zhi Lan Xiang; Anji Bai Cha; Tie Guan Yin; Fuding Da Bai; Kanayamidori; Shui Jin Gui; Cui Yu; Sofu; Shui Xian; Taiwanese Wild Tea; Qi Men Zhong; Tie Luo Han; Da Ye Zhong; Zi Juan; Song Zhong; Goko; Ben Shan; Benifuki; Jin Xuan; Hong Yu; Mengku Da Ye Zhong; Mi Lan Xiang; Tong Tian Xiang; Benihikari; Bai Ji Guan; Koshun; Qi Lan; Huangshan Qunti Zhong; Oku Yutaka; Rou Gui; Ying Xiang; Zhenghe Da Bai; Ya Shi Xiang; Wu Yi; Yutakamidori; Zairai; Qing Xin; Qing Xin Da Mao; Samidori; Asahi; Bai Wen; Komakage; Meiryoku; Mei Zhan; Liu An Gua Pian; Fo Shou; Ju Duo Zai; Long Jing #43; Da Yeh Oolong; Bi Luo Chun Qunti; Gui Hua Xiang; Que She; Huang Jin Gui; Mengding Ganlu; Ban Tian Yao; Ba Xian; Qing Xin Gan Zhi; Asatsuyu
3ea20d1c-59d6-4eef-bcab-afc106d1732d,New Taipei City,Taiwan,New Taipei,100-800m,Northern Taiwan with suitable climate for green tea and oolong,Da Hong Pao; English Breakfast; Ti Kuan Yin; Sencha; Matcha; Sheng; Darjeeling; Earl Grey,Shizu-7132; Yiwu Da Ye Zhong; Shi Da Cha; Wuyi Cai Cha; Mao Xie; Si Ji Chun; Ujihikari; Long Jing Qunti Zhong; Saemidori; Xing Ren Xiang; Okuhikari; Kirari 31; Okumidori; Chin Hsin; Inzatsu 131; Bei Dou; Hong Yun; Huang Guan Yin; Da Hong Pao; Zhi Lan Xiang; Anji Bai Cha; Tie Guan Yin; Fuding Da Bai; Kanayamidori; Shui Jin Gui; Cui Yu; Sofu; Shui Xian; Taiwanese Wild Tea; Qi Men Zhong; Tie Luo Han; Da Ye Zhong; Zi Juan; Song Zhong; Goko; Ben Shan; Benifuki; Jin Xuan; Hong Yu; Mengku Da Ye Zhong; Mi Lan Xiang; Tong Tian Xiang; Benihikari; Bai Ji Guan; Koshun; Qi Lan; Huangshan Qunti Zhong; Oku Yutaka; Rou Gui; Ying Xiang; Zhenghe Da Bai; Ya Shi Xiang; Wu Yi; Yutakamidori; Zairai; Qing Xin; Qing Xin Da Mao; Samidori; Asahi; Bai Wen; Komakage; Meiryoku; Mei Zhan; Liu An Gua Pian; Fo Shou; Ju Duo Zai; Long Jing #43; Da Yeh Oolong; Bi Luo Chun Qunti; Gui Hua Xiang; Que She; Huang Jin Gui; Mengding Ganlu; Ban Tian Yao; Ba Xian; Qing Xin Gan Zhi; Asatsuyu
2442133a-c78c-44e9-902e-120d67c72987,"Pinglin District, New Taipei",Taiwan,New Taipei,200-600m,Famous for Baozhong oolong production,Da Hong Pao; English Breakfast; Ti Kuan Yin; Sencha; Matcha; Sheng; Darjeeling; Earl Grey,Shizu-7132; Yiwu Da Ye Zhong; Shi Da Cha; Wuyi Cai Cha; Mao Xie; Si Ji Chun; Ujihikari; Long Jing Qunti Zhong; Saemidori; Xing Ren Xiang; Okuhikari; Kirari 31; Okumidori; Chin Hsin; Inzatsu 131; Bei Dou; Hong Yun; Huang Guan Yin; Da Hong Pao; Zhi Lan Xiang; Anji Bai Cha; Tie Guan Yin; Fuding Da Bai; Kanayamidori; Shui Jin Gui; Cui Yu; Sofu; Shui Xian; Taiwanese Wild Tea; Qi Men Zhong; Tie Luo Han; Da Ye Zhong; Zi Juan; Song Zhong; Goko; Ben Shan; Benifuki; Jin Xuan; Hong Yu; Mengku Da Ye Zhong; Mi Lan Xiang; Tong Tian Xiang; Benihikari; Bai Ji Guan; Koshun; Qi Lan; Huangshan Qunti Zhong; Oku Yutaka; Rou Gui; Ying Xiang; Zhenghe Da Bai; Ya Shi Xiang; Wu Yi; Yutakamidori; Zairai; Qing Xin; Qing Xin Da Mao; Samidori; Asahi; Bai Wen; Komakage; Meiryoku; Mei Zhan; Liu An Gua Pian; Fo Shou; Ju Duo Zai; Long Jing #43; Da Yeh Oolong; Bi Luo Chun Qunti; Gui Hua Xiang; Que She; Huang Jin Gui; Mengding Ganlu; Ban Tian Yao; Ba Xian; Qing Xin Gan Zhi; Asatsuyu
cdf258ea-1035-48a6-9923-4675b7529645,"Muzha District, Taipei",Taiwan,Taipei,100-400m,Urban tea region known for Tie Guan Yin,Da Hong Pao; English Breakfast; Ti Kuan Yin; Sencha; Matcha; Sheng; Darjeeling; Earl Grey,Shizu-7132; Yiwu Da Ye Zhong; Shi Da Cha; Wuyi Cai Cha; Mao Xie; Si Ji Chun; Ujihikari; Long Jing Qunti Zhong; Saemidori; Xing Ren Xiang; Okuhikari; Kirari 31; Okumidori; Chin Hsin; Inzatsu 131; Bei Dou; Hong Yun; Huang Guan Yin; Da Hong Pao; Zhi Lan Xiang; Anji Bai Cha; Tie Guan Yin; Fuding Da Bai; Kanayamidori; Shui Jin Gui; Cui Yu; Sofu; Shui Xian; Taiwanese Wild Tea; Qi Men Zhong; Tie Luo Han; Da Ye Zhong; Zi Juan; Song Zhong; Goko; Ben Shan; Benifuki; Jin Xuan; Hong Yu; Mengku Da Ye Zhong; Mi Lan Xiang; Tong Tian Xiang; Benihikari; Bai Ji Guan; Koshun; Qi Lan; Huangshan Qunti Zhong; Oku Yutaka; Rou Gui; Ying Xiang; Zhenghe Da Bai; Ya Shi Xiang; Wu Yi; Yutakamidori; Zairai; Qing Xin; Qing Xin Da Mao; Samidori; Asahi; Bai Wen; Komakage; Meiryoku; Mei Zhan; Liu An Gua Pian; Fo Shou; Ju Duo Zai; Long Jing #43; Da Yeh Oolong; Bi Luo Chun Qunti; Gui Hua Xiang; Que She; Huang Jin Gui; Mengding Ganlu; Ban Tian Yao; Ba Xian; Qing Xin Gan Zhi; Asatsuyu
0e4e2b65-e345-46d0-972d-23e69b2756ff,"Nangang District, Taipei",Taiwan,Taipei,100-300m,Urban area with traditional tea cultivation,Da Hong Pao; English Breakfast; Ti Kuan Yin; Sencha; Matcha; Sheng; Darjeeling; Earl Grey,Shizu-7132; Yiwu Da Ye Zhong; Shi Da Cha; Wuyi Cai Cha; Mao Xie; Si Ji Chun; Ujihikari; Long Jing Qunti Zhong; Saemidori; Xing Ren Xiang; Okuhikari; Kirari 31; Okumidori; Chin Hsin; Inzatsu 131; Bei Dou; Hong Yun; Huang Guan Yin; Da Hong Pao; Zhi Lan Xiang; Anji Bai Cha; Tie Guan Yin; Fuding Da Bai; Kanayamidori; Shui Jin Gui; Cui Yu; Sofu; Shui Xian; Taiwanese Wild Tea; Qi Men Zhong; Tie Luo Han; Da Ye Zhong; Zi Juan; Song Zhong; Goko; Ben Shan; Benifuki; Jin Xuan; Hong Yu; Mengku Da Ye Zhong; Mi Lan Xiang; Tong Tian Xiang; Benihikari; Bai Ji Guan; Koshun; Qi Lan; Huangshan Qunti Zhong; Oku Yutaka; Rou Gui; Ying Xiang; Zhenghe Da Bai; Ya Shi Xiang; Wu Yi; Yutakamidori; Zairai; Qing Xin; Qing Xin Da Mao; Samidori; Asahi; Bai Wen; Komakage; Meiryoku; Mei Zhan; Liu An Gua Pian; Fo Shou; Ju Duo Zai; Long Jing #43; Da Yeh Oolong; Bi Luo Chun Qunti; Gui Hua Xiang; Que She; Huang Jin Gui; Mengding Ganlu; Ban Tian Yao; Ba Xian; Qing Xin Gan Zhi; Asatsuyu
26e984ee-9c95-413b-890f-201b23235a4f,Hsinchu County,Taiwan,Hsinchu,200-1200m,Mountainous region known for Oriental Beauty oolong,Da Hong Pao; English Breakfast; Ti Kuan Yin; Sencha; Matcha; Sheng; Darjeeling; Earl Grey,Shizu-7132; Yiwu Da Ye Zhong; Shi Da Cha; Wuyi Cai Cha; Mao Xie; Si Ji Chun; Ujihikari; Long Jing Qunti Zhong; Saemidori; Xing Ren Xiang; Okuhikari; Kirari 31; Okumidori; Chin Hsin; Inzatsu 131; Bei Dou; Hong Yun; Huang Guan Yin; Da Hong Pao; Zhi Lan Xiang; Anji Bai Cha; Tie Guan Yin; Fuding Da Bai; Kanayamidori; Shui Jin Gui; Cui Yu; Sofu; Shui Xian; Taiwanese Wild Tea; Qi Men Zhong; Tie Luo Han; Da Ye Zhong; Zi Juan; Song Zhong; Goko; Ben Shan; Benifuki; Jin Xuan; Hong Yu; Mengku Da Ye Zhong; Mi Lan Xiang; Tong Tian Xiang; Benihikari; Bai Ji Guan; Koshun; Qi Lan; Huangshan Qunti Zhong; Oku Yutaka; Rou Gui; Ying Xiang; Zhenghe Da Bai; Ya Shi Xiang; Wu Yi; Yutakamidori; Zairai; Qing Xin; Qing Xin Da Mao; Samidori; Asahi; Bai Wen; Komakage; Meiryoku; Mei Zhan; Liu An Gua Pian; Fo Shou; Ju Duo Zai; Long Jing #43; Da Yeh Oolong; Bi Luo Chun Qunti; Gui Hua Xiang; Que She; Huang Jin Gui; Mengding Ganlu; Ban Tian Yao; Ba Xian; Qing Xin Gan Zhi; Asatsuyu
4dbb3316-455f-4faf-940c-096fcd2528ea,Miaoli County,Taiwan,Miaoli,300-1000m,Central Taiwan hills suitable for various tea types,Da Hong Pao; English Breakfast; Ti Kuan Yin; Sencha; Matcha; Sheng; Darjeeling; Earl Grey,Shizu-7132; Yiwu Da Ye Zhong; Shi Da Cha; Wuyi Cai Cha; Mao Xie; Si Ji Chun; Ujihikari; Long Jing Qunti Zhong; Saemidori; Xing Ren Xiang; Okuhikari; Kirari 31; Okumidori; Chin Hsin; Inzatsu 131; Bei Dou; Hong Yun; Huang Guan Yin; Da Hong Pao; Zhi Lan Xiang; Anji Bai Cha; Tie Guan Yin; Fuding Da Bai; Kanayamidori; Shui Jin Gui; Cui Yu; Sofu; Shui Xian; Taiwanese Wild Tea; Qi Men Zhong; Tie Luo Han; Da Ye Zhong; Zi Juan; Song Zhong; Goko; Ben Shan; Benifuki; Jin Xuan; Hong Yu; Mengku Da Ye Zhong; Mi Lan Xiang; Tong Tian Xiang; Benihikari; Bai Ji Guan; Koshun; Qi Lan; Huangshan Qunti Zhong; Oku Yutaka; Rou Gui; Ying Xiang; Zhenghe Da Bai; Ya Shi Xiang; Wu Yi; Yutakamidori; Zairai; Qing Xin; Qing Xin Da Mao; Samidori; Asahi; Bai Wen; Komakage; Meiryoku; Mei Zhan; Liu An Gua Pian; Fo Shou; Ju Duo Zai; Long Jing #43; Da Yeh Oolong; Bi Luo Chun Qunti; Gui Hua Xiang; Que She; Huang Jin Gui; Mengding Ganlu; Ban Tian Yao; Ba Xian; Qing Xin Gan Zhi; Asatsuyu
bebeac88-465a-4b28-bbe8-6b8615eed853,Hualien County,Taiwan,Hualien,300-1500m,Eastern Taiwan with mountainous terrain,Da Hong Pao; English Breakfast; Ti Kuan Yin; Sencha; Matcha; Sheng; Darjeeling; Earl Grey,Shizu-7132; Yiwu Da Ye Zhong; Shi Da Cha; Wuyi Cai Cha; Mao Xie; Si Ji Chun; Ujihikari; Long Jing Qunti Zhong; Saemidori; Xing Ren Xiang; Okuhikari; Kirari 31; Okumidori; Chin Hsin; Inzatsu 131; Bei Dou; Hong Yun; Huang Guan Yin; Da Hong Pao; Zhi Lan Xiang; Anji Bai Cha; Tie Guan Yin; Fuding Da Bai; Kanayamidori; Shui Jin Gui; Cui Yu; Sofu; Shui Xian; Taiwanese Wild Tea; Qi Men Zhong; Tie Luo Han; Da Ye Zhong; Zi Juan; Song Zhong; Goko; Ben Shan; Benifuki; Jin Xuan; Hong Yu; Mengku Da Ye Zhong; Mi Lan Xiang; Tong Tian Xiang; Benihikari; Bai Ji Guan; Koshun; Qi Lan; Huangshan Qunti Zhong; Oku Yutaka; Rou Gui; Ying Xiang; Zhenghe Da Bai; Ya Shi Xiang; Wu Yi; Yutakamidori; Zairai; Qing Xin; Qing Xin Da Mao; Samidori; Asahi; Bai Wen; Komakage; Meiryoku; Mei Zhan; Liu An Gua Pian; Fo Shou; Ju Duo Zai; Long Jing #43; Da Yeh Oolong; Bi Luo Chun Qunti; Gui Hua Xiang; Que She; Huang Jin Gui; Mengding Ganlu; Ban Tian Yao; Ba Xian; Qing Xin Gan Zhi; Asatsuyu
a2de3937-4f0a-44f9-a89f-f1471cb181a8,Yilan County,Taiwan,Yilan,100-800m,Northeast Taiwan with humid climate,Da Hong Pao; English Breakfast; Ti Kuan Yin; Sencha; Matcha; Sheng; Darjeeling; Earl Grey,Shizu-7132; Yiwu Da Ye Zhong; Shi Da Cha; Wuyi Cai Cha; Mao Xie; Si Ji Chun; Ujihikari; Long Jing Qunti Zhong; Saemidori; Xing Ren Xiang; Okuhikari; Kirari 31; Okumidori; Chin Hsin; Inzatsu 131; Bei Dou; Hong Yun; Huang Guan Yin; Da Hong Pao; Zhi Lan Xiang; Anji Bai Cha; Tie Guan Yin; Fuding Da Bai; Kanayamidori; Shui Jin Gui; Cui Yu; Sofu; Shui Xian; Taiwanese Wild Tea; Qi Men Zhong; Tie Luo Han; Da Ye Zhong; Zi Juan; Song Zhong; Goko; Ben Shan; Benifuki; Jin Xuan; Hong Yu; Mengku Da Ye Zhong; Mi Lan Xiang; Tong Tian Xiang; Benihikari; Bai Ji Guan; Koshun; Qi Lan; Huangshan Qunti Zhong; Oku Yutaka; Rou Gui; Ying Xiang; Zhenghe Da Bai; Ya Shi Xiang; Wu Yi; Yutakamidori; Zairai; Qing Xin; Qing Xin Da Mao; Samidori; Asahi; Bai Wen; Komakage; Meiryoku; Mei Zhan; Liu An Gua Pian; Fo Shou; Ju Duo Zai; Long Jing #43; Da Yeh Oolong; Bi Luo Chun Qunti; Gui Hua Xiang; Que She; Huang Jin Gui; Mengding Ganlu; Ban Tian Yao; Ba Xian; Qing Xin Gan Zhi; Asatsuyu
acae75f2-e0f1-4952-b0a7-d564fb90d7ce,Chiayi County,Taiwan,Chiayi,200-2000m,Includes Alishan mountain area for high-altitude teas,Da Hong Pao; English Breakfast; Ti Kuan Yin; Sencha; Matcha; Sheng; Darjeeling; Earl Grey,Shizu-7132; Yiwu Da Ye Zhong; Shi Da Cha; Wuyi Cai Cha; Mao Xie; Si Ji Chun; Ujihikari; Long Jing Qunti Zhong; Saemidori; Xing Ren Xiang; Okuhikari; Kirari 31; Okumidori; Chin Hsin; Inzatsu 131; Bei Dou; Hong Yun; Huang Guan Yin; Da Hong Pao; Zhi Lan Xiang; Anji Bai Cha; Tie Guan Yin; Fuding Da Bai; Kanayamidori; Shui Jin Gui; Cui Yu; Sofu; Shui Xian; Taiwanese Wild Tea; Qi Men Zhong; Tie Luo Han; Da Ye Zhong; Zi Juan; Song Zhong; Goko; Ben Shan; Benifuki; Jin Xuan; Hong Yu; Mengku Da Ye Zhong; Mi Lan Xiang; Tong Tian Xiang; Benihikari; Bai Ji Guan; Koshun; Qi Lan; Huangshan Qunti Zhong; Oku Yutaka; Rou Gui; Ying Xiang; Zhenghe Da Bai; Ya Shi Xiang; Wu Yi; Yutakamidori; Zairai; Qing Xin; Qing Xin Da Mao; Samidori; Asahi; Bai Wen; Komakage; Meiryoku; Mei Zhan; Liu An Gua Pian; Fo Shou; Ju Duo Zai; Long Jing #43; Da Yeh Oolong; Bi Luo Chun Qunti; Gui Hua Xiang; Que She; Huang Jin Gui; Mengding Ganlu; Ban Tian Yao; Ba Xian; Qing Xin Gan Zhi; Asatsuyu
5e60c757-9e66-4a91-b725-b69dded4a3c6,Chiang Rai Province,Thailand,Chiang Rai,500-1500m,Northern Thailand mountains with suitable climate for oolong,Da Hong Pao; English Breakfast; Ti Kuan Yin; Sencha; Matcha; Sheng; Darjeeling; Earl Grey,Shizu-7132; Yiwu Da Ye Zhong; Shi Da Cha; Wuyi Cai Cha; Mao Xie; Si Ji Chun; Ujihikari; Long Jing Qunti Zhong; Saemidori; Xing Ren Xiang; Okuhikari; Kirari 31; Okumidori; Chin Hsin; Inzatsu 131; Bei Dou; Hong Yun; Huang Guan Yin; Da Hong Pao; Zhi Lan Xiang; Anji Bai Cha; Tie Guan Yin; Fuding Da Bai; Kanayamidori; Shui Jin Gui; Cui Yu; Sofu; Shui Xian; Taiwanese Wild Tea; Qi Men Zhong; Tie Luo Han; Da Ye Zhong; Zi Juan; Song Zhong; Goko; Ben Shan; Benifuki; Jin Xuan; Hong Yu; Mengku Da Ye Zhong; Mi Lan Xiang; Tong Tian Xiang; Benihikari; Bai Ji Guan; Koshun; Qi Lan; Huangshan Qunti Zhong; Oku Yutaka; Rou Gui; Ying Xiang; Zhenghe Da Bai; Ya Shi Xiang; Wu Yi; Yutakamidori; Zairai; Qing Xin; Qing Xin Da Mao; Samidori; Asahi; Bai Wen; Komakage; Meiryoku; Mei Zhan; Liu An Gua Pian; Fo Shou; Ju Duo Zai; Long Jing #43; Da Yeh Oolong; Bi Luo Chun Qunti; Gui Hua Xiang; Que She; Huang Jin Gui; Mengding Ganlu; Ban Tian Yao; Ba Xian; Qing Xin Gan Zhi; Asatsuyu
115e6efe-27d7-41ea-ac86-2ba83f17541d,"Mae Salong, Chiang Rai",Thailand,Chiang Rai,800-1300m,Chinese-settled area with traditional tea cultivation,Da Hong Pao; English Breakfast; Ti Kuan Yin; Sencha; Matcha; Sheng; Darjeeling; Earl Grey,Shizu-7132; Yiwu Da Ye Zhong; Shi Da Cha; Wuyi Cai Cha; Mao Xie; Si Ji Chun; Ujihikari; Long Jing Qunti Zhong; Saemidori; Xing Ren Xiang; Okuhikari; Kirari 31; Okumidori; Chin Hsin; Inzatsu 131; Bei Dou; Hong Yun; Huang Guan Yin; Da Hong Pao; Zhi Lan Xiang; Anji Bai Cha; Tie Guan Yin; Fuding Da Bai; Kanayamidori; Shui Jin Gui; Cui Yu; Sofu; Shui Xian; Taiwanese Wild Tea; Qi Men Zhong; Tie Luo Han; Da Ye Zhong; Zi Juan; Song Zhong; Goko; Ben Shan; Benifuki; Jin Xuan; Hong Yu; Mengku Da Ye Zhong; Mi Lan Xiang; Tong Tian Xiang; Benihikari; Bai Ji Guan; Koshun; Qi Lan; Huangshan Qunti Zhong; Oku Yutaka; Rou Gui; Ying Xiang; Zhenghe Da Bai; Ya Shi Xiang; Wu Yi; Yutakamidori; Zairai; Qing Xin; Qing Xin Da Mao; Samidori; Asahi; Bai Wen; Komakage; Meiryoku; Mei Zhan; Liu An Gua Pian; Fo Shou; Ju Duo Zai; Long Jing #43; Da Yeh Oolong; Bi Luo Chun Qunti; Gui Hua Xiang; Que She; Huang Jin Gui; Mengding Ganlu; Ban Tian Yao; Ba Xian; Qing Xin Gan Zhi; Asatsuyu
0d87aed3-533d-4e0c-8a62-cd6542555a7e,"Wawee, Chiang Rai",Thailand,Chiang Rai,1000-1400m,High altitude area for premium tea production,Da Hong Pao; English Breakfast; Ti Kuan Yin; Sencha; Matcha; Sheng; Darjeeling; Earl Grey,Shizu-7132; Yiwu Da Ye Zhong; Shi Da Cha; Wuyi Cai Cha; Mao Xie; Si Ji Chun; Ujihikari; Long Jing Qunti Zhong; Saemidori; Xing Ren Xiang; Okuhikari; Kirari 31; Okumidori; Chin Hsin; Inzatsu 131; Bei Dou; Hong Yun; Huang Guan Yin; Da Hong Pao; Zhi Lan Xiang; Anji Bai Cha; Tie Guan Yin; Fuding Da Bai; Kanayamidori; Shui Jin Gui; Cui Yu; Sofu; Shui Xian; Taiwanese Wild Tea; Qi Men Zhong; Tie Luo Han; Da Ye Zhong; Zi Juan; Song Zhong; Goko; Ben Shan; Benifuki; Jin Xuan; Hong Yu; Mengku Da Ye Zhong; Mi Lan Xiang; Tong Tian Xiang; Benihikari; Bai Ji Guan; Koshun; Qi Lan; Huangshan Qunti Zhong; Oku Yutaka; Rou Gui; Ying Xiang; Zhenghe Da Bai; Ya Shi Xiang; Wu Yi; Yutakamidori; Zairai; Qing Xin; Qing Xin Da Mao; Samidori; Asahi; Bai Wen; Komakage; Meiryoku; Mei Zhan; Liu An Gua Pian; Fo Shou; Ju Duo Zai; Long Jing #43; Da Yeh Oolong; Bi Luo Chun Qunti; Gui Hua Xiang; Que She; Huang Jin Gui; Mengding Ganlu; Ban Tian Yao; Ba Xian; Qing Xin Gan Zhi; Asatsuyu
2a7b82ac-7901-4d28-a7e2-bb8c3e742d87,Lam Dong Province,Vietnam,Lam Dong,800-1500m,High plateau region suitable for tea cultivation,Da Hong Pao; English Breakfast; Ti Kuan Yin; Sencha; Matcha; Sheng; Darjeeling; Earl Grey,Shizu-7132; Yiwu Da Ye Zhong; Shi Da Cha; Wuyi Cai Cha; Mao Xie; Si Ji Chun; Ujihikari; Long Jing Qunti Zhong; Saemidori; Xing Ren Xiang; Okuhikari; Kirari 31; Okumidori; Chin Hsin; Inzatsu 131; Bei Dou; Hong Yun; Huang Guan Yin; Da Hong Pao; Zhi Lan Xiang; Anji Bai Cha; Tie Guan Yin; Fuding Da Bai; Kanayamidori; Shui Jin Gui; Cui Yu; Sofu; Shui Xian; Taiwanese Wild Tea; Qi Men Zhong; Tie Luo Han; Da Ye Zhong; Zi Juan; Song Zhong; Goko; Ben Shan; Benifuki; Jin Xuan; Hong Yu; Mengku Da Ye Zhong; Mi Lan Xiang; Tong Tian Xiang; Benihikari; Bai Ji Guan; Koshun; Qi Lan; Huangshan Qunti Zhong; Oku Yutaka; Rou Gui; Ying Xiang; Zhenghe Da Bai; Ya Shi Xiang; Wu Yi; Yutakamidori; Zairai; Qing Xin; Qing Xin Da Mao; Samidori; Asahi; Bai Wen; Komakage; Meiryoku; Mei Zhan; Liu An Gua Pian; Fo Shou; Ju Duo Zai; Long Jing #43; Da Yeh Oolong; Bi Luo Chun Qunti; Gui Hua Xiang; Que She; Huang Jin Gui; Mengding Ganlu; Ban Tian Yao; Ba Xian; Qing Xin Gan Zhi; Asatsuyu
7c866873-d0cc-41bf-b011-097649df3e25,"Bao Loc, Lam Dong",Vietnam,Lam Dong,800-1200m,Tea cultivation center in southern Vietnam,Da Hong Pao; English Breakfast; Ti Kuan Yin; Sencha; Matcha; Sheng; Darjeeling; Earl Grey,Shizu-7132; Yiwu Da Ye Zhong; Shi Da Cha; Wuyi Cai Cha; Mao Xie; Si Ji Chun; Ujihikari; Long Jing Qunti Zhong; Saemidori; Xing Ren Xiang; Okuhikari; Kirari 31; Okumidori; Chin Hsin; Inzatsu 131; Bei Dou; Hong Yun; Huang Guan Yin; Da Hong Pao; Zhi Lan Xiang; Anji Bai Cha; Tie Guan Yin; Fuding Da Bai; Kanayamidori; Shui Jin Gui; Cui Yu; Sofu; Shui Xian; Taiwanese Wild Tea; Qi Men Zhong; Tie Luo Han; Da Ye Zhong; Zi Juan; Song Zhong; Goko; Ben Shan; Benifuki; Jin Xuan; Hong Yu; Mengku Da Ye Zhong; Mi Lan Xiang; Tong Tian Xiang; Benihikari; Bai Ji Guan; Koshun; Qi Lan; Huangshan Qunti Zhong; Oku Yutaka; Rou Gui; Ying Xiang; Zhenghe Da Bai; Ya Shi Xiang; Wu Yi; Yutakamidori; Zairai; Qing Xin; Qing Xin Da Mao; Samidori; Asahi; Bai Wen; Komakage; Meiryoku; Mei Zhan; Liu An Gua Pian; Fo Shou; Ju Duo Zai; Long Jing #43; Da Yeh Oolong; Bi Luo Chun Qunti; Gui Hua Xiang; Que She; Huang Jin Gui; Mengding Ganlu; Ban Tian Yao; Ba Xian; Qing Xin Gan Zhi; Asatsuyu
b80f50d3-11cb-4f06-ad01-9327d1912c22,Son La Province,Vietnam,Son La,600-1400m,Northwest Vietnam mountains with tea gardens,Da Hong Pao; English Breakfast; Ti Kuan Yin; Sencha; Matcha; Sheng; Darjeeling; Earl Grey,Shizu-7132; Yiwu Da Ye Zhong; Shi Da Cha; Wuyi Cai Cha; Mao Xie; Si Ji Chun; Ujihikari; Long Jing Qunti Zhong; Saemidori; Xing Ren Xiang; Okuhikari; Kirari 31; Okumidori; Chin Hsin; Inzatsu 131; Bei Dou; Hong Yun; Huang Guan Yin; Da Hong Pao; Zhi Lan Xiang; Anji Bai Cha; Tie Guan Yin; Fuding Da Bai; Kanayamidori; Shui Jin Gui; Cui Yu; Sofu; Shui Xian; Taiwanese Wild Tea; Qi Men Zhong; Tie Luo Han; Da Ye Zhong; Zi Juan; Song Zhong; Goko; Ben Shan; Benifuki; Jin Xuan; Hong Yu; Mengku Da Ye Zhong; Mi Lan Xiang; Tong Tian Xiang; Benihikari; Bai Ji Guan; Koshun; Qi Lan; Huangshan Qunti Zhong; Oku Yutaka; Rou Gui; Ying Xiang; Zhenghe Da Bai; Ya Shi Xiang; Wu Yi; Yutakamidori; Zairai; Qing Xin; Qing Xin Da Mao; Samidori; Asahi; Bai Wen; Komakage; Meiryoku; Mei Zhan; Liu An Gua Pian; Fo Shou; Ju Duo Zai; Long Jing #43; Da Yeh Oolong; Bi Luo Chun Qunti; Gui Hua Xiang; Que She; Huang Jin Gui; Mengding Ganlu; Ban Tian Yao; Ba Xian; Qing Xin Gan Zhi; Asatsuyu
a48589f6-1430-401b-ae81-d57ef568820e,"Moc Chau, Son La",Vietnam,Son La,1000-1400m,High plateau area known for tea and dairy,Da Hong Pao; English Breakfast; Ti Kuan Yin; Sencha; Matcha; Sheng; Darjeeling; Earl Grey,Shizu-7132; Yiwu Da Ye Zhong; Shi Da Cha; Wuyi Cai Cha; Mao Xie; Si Ji Chun; Ujihikari; Long Jing Qunti Zhong; Saemidori; Xing Ren Xiang; Okuhikari; Kirari 31; Okumidori; Chin Hsin; Inzatsu 131; Bei Dou; Hong Yun; Huang Guan Yin; Da Hong Pao; Zhi Lan Xiang; Anji Bai Cha; Tie Guan Yin; Fuding Da Bai; Kanayamidori; Shui Jin Gui; Cui Yu; Sofu; Shui Xian; Taiwanese Wild Tea; Qi Men Zhong; Tie Luo Han; Da Ye Zhong; Zi Juan; Song Zhong; Goko; Ben Shan; Benifuki; Jin Xuan; Hong Yu; Mengku Da Ye Zhong; Mi Lan Xiang; Tong Tian Xiang; Benihikari; Bai Ji Guan; Koshun; Qi Lan; Huangshan Qunti Zhong; Oku Yutaka; Rou Gui; Ying Xiang; Zhenghe Da Bai; Ya Shi Xiang; Wu Yi; Yutakamidori; Zairai; Qing Xin; Qing Xin Da Mao; Samidori; Asahi; Bai Wen; Komakage; Meiryoku; Mei Zhan; Liu An Gua Pian; Fo Shou; Ju Duo Zai; Long Jing #43; Da Yeh Oolong; Bi Luo Chun Qunti; Gui Hua Xiang; Que She; Huang Jin Gui; Mengding Ganlu; Ban Tian Yao; Ba Xian; Qing Xin Gan Zhi; Asatsuyu
bd965c66-bd25-4d5e-a6fe-1a31d33f2da0,Valle del Cauca,Colombia,Valle del Cauca,1200-1800m,High altitude valley suitable for tea cultivation,Da Hong Pao; English Breakfast; Ti Kuan Yin; Sencha; Matcha; Sheng; Darjeeling; Earl Grey,Shizu-7132; Yiwu Da Ye Zhong; Shi Da Cha; Wuyi Cai Cha; Mao Xie; Si Ji Chun; Ujihikari; Long Jing Qunti Zhong; Saemidori; Xing Ren Xiang; Okuhikari; Kirari 31; Okumidori; Chin Hsin; Inzatsu 131; Bei Dou; Hong Yun; Huang Guan Yin; Da Hong Pao; Zhi Lan Xiang; Anji Bai Cha; Tie Guan Yin; Fuding Da Bai; Kanayamidori; Shui Jin Gui; Cui Yu; Sofu; Shui Xian; Taiwanese Wild Tea; Qi Men Zhong; Tie Luo Han; Da Ye Zhong; Zi Juan; Song Zhong; Goko; Ben Shan; Benifuki; Jin Xuan; Hong Yu; Mengku Da Ye Zhong; Mi Lan Xiang; Tong Tian Xiang; Benihikari; Bai Ji Guan; Koshun; Qi Lan; Huangshan Qunti Zhong; Oku Yutaka; Rou Gui; Ying Xiang; Zhenghe Da Bai; Ya Shi Xiang; Wu Yi; Yutakamidori; Zairai; Qing Xin; Qing Xin Da Mao; Samidori; Asahi; Bai Wen; Komakage; Meiryoku; Mei Zhan; Liu An Gua Pian; Fo Shou; Ju Duo Zai; Long Jing #43; Da Yeh Oolong; Bi Luo Chun Qunti; Gui Hua Xiang; Que She; Huang Jin Gui; Mengding Ganlu; Ban Tian Yao; Ba Xian; Qing Xin Gan Zhi; Asatsuyu
08cec0ab-0c82-49d6-9530-4d1e358e2533,"Bitaco, Valle del Cauca",Colombia,Valle del Cauca,1400-1700m,Mountain area with experimental tea cultivation,Da Hong Pao; English Breakfast; Ti Kuan Yin; Sencha; Matcha; Sheng; Darjeeling; Earl Grey,Shizu-7132; Yiwu Da Ye Zhong; Shi Da Cha; Wuyi Cai Cha; Mao Xie; Si Ji Chun; Ujihikari; Long Jing Qunti Zhong; Saemidori; Xing Ren Xiang; Okuhikari; Kirari 31; Okumidori; Chin Hsin; Inzatsu 131; Bei Dou; Hong Yun; Huang Guan Yin; Da Hong Pao; Zhi Lan Xiang; Anji Bai Cha; Tie Guan Yin; Fuding Da Bai; Kanayamidori; Shui Jin Gui; Cui Yu; Sofu; Shui Xian; Taiwanese Wild Tea; Qi Men Zhong; Tie Luo Han; Da Ye Zhong; Zi Juan; Song Zhong; Goko; Ben Shan; Benifuki; Jin Xuan; Hong Yu; Mengku Da Ye Zhong; Mi Lan Xiang; Tong Tian Xiang; Benihikari; Bai Ji Guan; Koshun; Qi Lan; Huangshan Qunti Zhong; Oku Yutaka; Rou Gui; Ying Xiang; Zhenghe Da Bai; Ya Shi Xiang; Wu Yi; Yutakamidori; Zairai; Qing Xin; Qing Xin Da Mao; Samidori; Asahi; Bai Wen; Komakage; Meiryoku; Mei Zhan; Liu An Gua Pian; Fo Shou; Ju Duo Zai; Long Jing #43; Da Yeh Oolong; Bi Luo Chun Qunti; Gui Hua Xiang; Que She; Huang Jin Gui; Mengding Ganlu; Ban Tian Yao; Ba Xian; Qing Xin Gan Zhi; Asatsuyu
3da2e676-b910-4073-87f7-c69df16c368a,"Hangzhou, Zhejiang",China,Zhejiang,100-300m,"Lake microclimate with morning mist, perfect for Long Jing cultivation",Da Hong Pao; English Breakfast; Ti Kuan Yin; Sencha; Matcha; Sheng; Darjeeling; Earl Grey,Shizu-7132; Yiwu Da Ye Zhong; Shi Da Cha; Wuyi Cai Cha; Mao Xie; Si Ji Chun; Ujihikari; Long Jing Qunti Zhong; Saemidori; Xing Ren Xiang; Okuhikari; Kirari 31; Okumidori; Chin Hsin; Inzatsu 131; Bei Dou; Hong Yun; Huang Guan Yin; Da Hong Pao; Zhi Lan Xiang; Anji Bai Cha; Tie Guan Yin; Fuding Da Bai; Kanayamidori; Shui Jin Gui; Cui Yu; Sofu; Shui Xian; Taiwanese Wild Tea; Qi Men Zhong; Tie Luo Han; Da Ye Zhong; Zi Juan; Song Zhong; Goko; Ben Shan; Benifuki; Jin Xuan; Hong Yu; Mengku Da Ye Zhong; Mi Lan Xiang; Tong Tian Xiang; Benihikari; Bai Ji Guan; Koshun; Qi Lan; Huangshan Qunti Zhong; Oku Yutaka; Rou Gui; Ying Xiang; Zhenghe Da Bai; Ya Shi Xiang; Wu Yi; Yutakamidori; Zairai; Qing Xin; Qing Xin Da Mao; Samidori; Asahi; Bai Wen; Komakage; Meiryoku; Mei Zhan; Liu An Gua Pian; Fo Shou; Ju Duo Zai; Long Jing #43; Da Yeh Oolong; Bi Luo Chun Qunti; Gui Hua Xiang; Que She; Huang Jin Gui; Mengding Ganlu; Ban Tian Yao; Ba Xian; Qing Xin Gan Zhi; Asatsuyu
50e1da38-7a51-437d-aee5-1b2aefaf8421,"Fuding, Fujian",China,Fujian,400-800m,"Coastal mountain region, origin of white tea production",Da Hong Pao; English Breakfast; Ti Kuan Yin; Sencha; Matcha; Sheng; Darjeeling; Earl Grey,Shizu-7132; Yiwu Da Ye Zhong; Shi Da Cha; Wuyi Cai Cha; Mao Xie; Si Ji Chun; Ujihikari; Long Jing Qunti Zhong; Saemidori; Xing Ren Xiang; Okuhikari; Kirari 31; Okumidori; Chin Hsin; Inzatsu 131; Bei Dou; Hong Yun; Huang Guan Yin; Da Hong Pao; Zhi Lan Xiang; Anji Bai Cha; Tie Guan Yin; Fuding Da Bai; Kanayamidori; Shui Jin Gui; Cui Yu; Sofu; Shui Xian; Taiwanese Wild Tea; Qi Men Zhong; Tie Luo Han; Da Ye Zhong; Zi Juan; Song Zhong; Goko; Ben Shan; Benifuki; Jin Xuan; Hong Yu; Mengku Da Ye Zhong; Mi Lan Xiang; Tong Tian Xiang; Benihikari; Bai Ji Guan; Koshun; Qi Lan; Huangshan Qunti Zhong; Oku Yutaka; Rou Gui; Ying Xiang; Zhenghe Da Bai; Ya Shi Xiang; Wu Yi; Yutakamidori; Zairai; Qing Xin; Qing Xin Da Mao; Samidori; Asahi; Bai Wen; Komakage; Meiryoku; Mei Zhan; Liu An Gua Pian; Fo Shou; Ju Duo Zai; Long Jing #43; Da Yeh Oolong; Bi Luo Chun Qunti; Gui Hua Xiang; Que She; Huang Jin Gui; Mengding Ganlu; Ban Tian Yao; Ba Xian; Qing Xin Gan Zhi; Asatsuyu
34eb8bc4-89b5-4809-8109-72dff117c18b,"Wuyi Mountains, Fujian",China,Fujian,200-800m,"UNESCO World Heritage site, famous for rock teas and red cliffs",Da Hong Pao; English Breakfast; Ti Kuan Yin; Sencha; Matcha; Sheng; Darjeeling; Earl Grey,Shizu-7132; Yiwu Da Ye Zhong; Shi Da Cha; Wuyi Cai Cha; Mao Xie; Si Ji Chun; Ujihikari; Long Jing Qunti Zhong; Saemidori; Xing Ren Xiang; Okuhikari; Kirari 31; Okumidori; Chin Hsin; Inzatsu 131; Bei Dou; Hong Yun; Huang Guan Yin; Da Hong Pao; Zhi Lan Xiang; Anji Bai Cha; Tie Guan Yin; Fuding Da Bai; Kanayamidori; Shui Jin Gui; Cui Yu; Sofu; Shui Xian; Taiwanese Wild Tea; Qi Men Zhong; Tie Luo Han; Da Ye Zhong; Zi Juan; Song Zhong; Goko; Ben Shan; Benifuki; Jin Xuan; Hong Yu; Mengku Da Ye Zhong; Mi Lan Xiang; Tong Tian Xiang; Benihikari; Bai Ji Guan; Koshun; Qi Lan; Huangshan Qunti Zhong; Oku Yutaka; Rou Gui; Ying Xiang; Zhenghe Da Bai; Ya Shi Xiang; Wu Yi; Yutakamidori; Zairai; Qing Xin; Qing Xin Da Mao; Samidori; Asahi; Bai Wen; Komakage; Meiryoku; Mei Zhan; Liu An Gua Pian; Fo Shou; Ju Duo Zai; Long Jing #43; Da Yeh Oolong; Bi Luo Chun Qunti; Gui Hua Xiang; Que She; Huang Jin Gui; Mengding Ganlu; Ban Tian Yao; Ba Xian; Qing Xin Gan Zhi; Asatsuyu
62b32fb7-0b9d-45f7-b72b-8c7b8810ef45,"Yiwu Mountain, Yunnan",China,Yunnan,1000-1800m,Historic Pu-erh tea region with ancient tea trees,Da Hong Pao; English Breakfast; Ti Kuan Yin; Sencha; Matcha; Sheng; Darjeeling; Earl Grey,Shizu-7132; Yiwu Da Ye Zhong; Shi Da Cha; Wuyi Cai Cha; Mao Xie; Si Ji Chun; Ujihikari; Long Jing Qunti Zhong; Saemidori; Xing Ren Xiang; Okuhikari; Kirari 31; Okumidori; Chin Hsin; Inzatsu 131; Bei Dou; Hong Yun; Huang Guan Yin; Da Hong Pao; Zhi Lan Xiang; Anji Bai Cha; Tie Guan Yin; Fuding Da Bai; Kanayamidori; Shui Jin Gui; Cui Yu; Sofu; Shui Xian; Taiwanese Wild Tea; Qi Men Zhong; Tie Luo Han; Da Ye Zhong; Zi Juan; Song Zhong; Goko; Ben Shan; Benifuki; Jin Xuan; Hong Yu; Mengku Da Ye Zhong; Mi Lan Xiang; Tong Tian Xiang; Benihikari; Bai Ji Guan; Koshun; Qi Lan; Huangshan Qunti Zhong; Oku Yutaka; Rou Gui; Ying Xiang; Zhenghe Da Bai; Ya Shi Xiang; Wu Yi; Yutakamidori; Zairai; Qing Xin; Qing Xin Da Mao; Samidori; Asahi; Bai Wen; Komakage; Meiryoku; Mei Zhan; Liu An Gua Pian; Fo Shou; Ju Duo Zai; Long Jing #43; Da Yeh Oolong; Bi Luo Chun Qunti; Gui Hua Xiang; Que She; Huang Jin Gui; Mengding Ganlu; Ban Tian Yao; Ba Xian; Qing Xin Gan Zhi; Asatsuyu
40a8422e-e279-4eb2-8f02-ecb5d4652bf6,"Junshan Island, Hunan",China,Hunan,50-100m,Lake island with unique microclimate for yellow tea,Da Hong Pao; English Breakfast; Ti Kuan Yin; Sencha; Matcha; Sheng; Darjeeling; Earl Grey,Shizu-7132; Yiwu Da Ye Zhong; Shi Da Cha; Wuyi Cai Cha; Mao Xie; Si Ji Chun; Ujihikari; Long Jing Qunti Zhong; Saemidori; Xing Ren Xiang; Okuhikari; Kirari 31; Okumidori; Chin Hsin; Inzatsu 131; Bei Dou; Hong Yun; Huang Guan Yin; Da Hong Pao; Zhi Lan Xiang; Anji Bai Cha; Tie Guan Yin; Fuding Da Bai; Kanayamidori; Shui Jin Gui; Cui Yu; Sofu; Shui Xian; Taiwanese Wild Tea; Qi Men Zhong; Tie Luo Han; Da Ye Zhong; Zi Juan; Song Zhong; Goko; Ben Shan; Benifuki; Jin Xuan; Hong Yu; Mengku Da Ye Zhong; Mi Lan Xiang; Tong Tian Xiang; Benihikari; Bai Ji Guan; Koshun; Qi Lan; Huangshan Qunti Zhong; Oku Yutaka; Rou Gui; Ying Xiang; Zhenghe Da Bai; Ya Shi Xiang; Wu Yi; Yutakamidori; Zairai; Qing Xin; Qing Xin Da Mao; Samidori; Asahi; Bai Wen; Komakage; Meiryoku; Mei Zhan; Liu An Gua Pian; Fo Shou; Ju Duo Zai; Long Jing #43; Da Yeh Oolong; Bi Luo Chun Qunti; Gui Hua Xiang; Que She; Huang Jin Gui; Mengding Ganlu; Ban Tian Yao; Ba Xian; Qing Xin Gan Zhi; Asatsuyu
0acfc72e-0eec-4054-8866-c6e84f70392f,China,China,Various Provinces,100-2000m,Diverse tea growing regions across the country,Da Hong Pao; English Breakfast; Ti Kuan Yin; Sencha; Matcha; Sheng; Darjeeling; Earl Grey,Shizu-7132; Yiwu Da Ye Zhong; Shi Da Cha; Wuyi Cai Cha; Mao Xie; Si Ji Chun; Ujihikari; Long Jing Qunti Zhong; Saemidori; Xing Ren Xiang; Okuhikari; Kirari 31; Okumidori; Chin Hsin; Inzatsu 131; Bei Dou; Hong Yun; Huang Guan Yin; Da Hong Pao; Zhi Lan Xiang; Anji Bai Cha; Tie Guan Yin; Fuding Da Bai; Kanayamidori; Shui Jin Gui; Cui Yu; Sofu; Shui Xian; Taiwanese Wild Tea; Qi Men Zhong; Tie Luo Han; Da Ye Zhong; Zi Juan; Song Zhong; Goko; Ben Shan; Benifuki; Jin Xuan; Hong Yu; Mengku Da Ye Zhong; Mi Lan Xiang; Tong Tian Xiang; Benihikari; Bai Ji Guan; Koshun; Qi Lan; Huangshan Qunti Zhong; Oku Yutaka; Rou Gui; Ying Xiang; Zhenghe Da Bai; Ya Shi Xiang; Wu Yi; Yutakamidori; Zairai; Qing Xin; Qing Xin Da Mao; Samidori; Asahi; Bai Wen; Komakage; Meiryoku; Mei Zhan; Liu An Gua Pian; Fo Shou; Ju Duo Zai; Long Jing #43; Da Yeh Oolong; Bi Luo Chun Qunti; Gui Hua Xiang; Que She; Huang Jin Gui; Mengding Ganlu; Ban Tian Yao; Ba Xian; Qing Xin Gan Zhi; Asatsuyu
4538bdf8-379f-40a1-94d5-beba00786b7c,Japan,Japan,Various Prefectures,50-800m,"Temperate climate with four distinct seasons, ideal for green tea",Da Hong Pao; English Breakfast; Ti Kuan Yin; Sencha; Matcha; Sheng; Darjeeling; Earl Grey,Shizu-7132; Yiwu Da Ye Zhong; Shi Da Cha; Wuyi Cai Cha; Mao Xie; Si Ji Chun; Ujihikari; Long Jing Qunti Zhong; Saemidori; Xing Ren Xiang; Okuhikari; Kirari 31; Okumidori; Chin Hsin; Inzatsu 131; Bei Dou; Hong Yun; Huang Guan Yin; Da Hong Pao; Zhi Lan Xiang; Anji Bai Cha; Tie Guan Yin; Fuding Da Bai; Kanayamidori; Shui Jin Gui; Cui Yu; Sofu; Shui Xian; Taiwanese Wild Tea; Qi Men Zhong; Tie Luo Han; Da Ye Zhong; Zi Juan; Song Zhong; Goko; Ben Shan; Benifuki; Jin Xuan; Hong Yu; Mengku Da Ye Zhong; Mi Lan Xiang; Tong Tian Xiang; Benihikari; Bai Ji Guan; Koshun; Qi Lan; Huangshan Qunti Zhong; Oku Yutaka; Rou Gui; Ying Xiang; Zhenghe Da Bai; Ya Shi Xiang; Wu Yi; Yutakamidori; Zairai; Qing Xin; Qing Xin Da Mao; Samidori; Asahi; Bai Wen; Komakage; Meiryoku; Mei Zhan; Liu An Gua Pian; Fo Shou; Ju Duo Zai; Long Jing #43; Da Yeh Oolong; Bi Luo Chun Qunti; Gui Hua Xiang; Que She; Huang Jin Gui; Mengding Ganlu; Ban Tian Yao; Ba Xian; Qing Xin Gan Zhi; Asatsuyu
54697b32-0034-4b19-972f-70388a907775,India,India,Various States,500-2500m,"Diverse climates from tropical to highland, famous for black tea",Da Hong Pao; English Breakfast; Ti Kuan Yin; Sencha; Matcha; Sheng; Darjeeling; Earl Grey,Shizu-7132; Yiwu Da Ye Zhong; Shi Da Cha; Wuyi Cai Cha; Mao Xie; Si Ji Chun; Ujihikari; Long Jing Qunti Zhong; Saemidori; Xing Ren Xiang; Okuhikari; Kirari 31; Okumidori; Chin Hsin; Inzatsu 131; Bei Dou; Hong Yun; Huang Guan Yin; Da Hong Pao; Zhi Lan Xiang; Anji Bai Cha; Tie Guan Yin; Fuding Da Bai; Kanayamidori; Shui Jin Gui; Cui Yu; Sofu; Shui Xian; Taiwanese Wild Tea; Qi Men Zhong; Tie Luo Han; Da Ye Zhong; Zi Juan; Song Zhong; Goko; Ben Shan; Benifuki; Jin Xuan; Hong Yu; Mengku Da Ye Zhong; Mi Lan Xiang; Tong Tian Xiang; Benihikari; Bai Ji Guan; Koshun; Qi Lan; Huangshan Qunti Zhong; Oku Yutaka; Rou Gui; Ying Xiang; Zhenghe Da Bai; Ya Shi Xiang; Wu Yi; Yutakamidori; Zairai; Qing Xin; Qing Xin Da Mao; Samidori; Asahi; Bai Wen; Komakage; Meiryoku; Mei Zhan; Liu An Gua Pian; Fo Shou; Ju Duo Zai; Long Jing #43; Da Yeh Oolong; Bi Luo Chun Qunti; Gui Hua Xiang; Que She; Huang Jin Gui; Mengding Ganlu; Ban Tian Yao; Ba Xian; Qing Xin Gan Zhi; Asatsuyu
feaf6dc8-b1eb-4ecb-b859-3538e23c87a6,Shizuoka,Japan,Shizuoka,100-800m,"Mount Fuji region, largest tea producing area in Japan",Da Hong Pao; English Breakfast; Ti Kuan Yin; Sencha; Matcha; Sheng; Darjeeling; Earl Grey,Shizu-7132; Yiwu Da Ye Zhong; Shi Da Cha; Wuyi Cai Cha; Mao Xie; Si Ji Chun; Ujihikari; Long Jing Qunti Zhong; Saemidori; Xing Ren Xiang; Okuhikari; Kirari 31; Okumidori; Chin Hsin; Inzatsu 131; Bei Dou; Hong Yun; Huang Guan Yin; Da Hong Pao; Zhi Lan Xiang; Anji Bai Cha; Tie Guan Yin; Fuding Da Bai; Kanayamidori; Shui Jin Gui; Cui Yu; Sofu; Shui Xian; Taiwanese Wild Tea; Qi Men Zhong; Tie Luo Han; Da Ye Zhong; Zi Juan; Song Zhong; Goko; Ben Shan; Benifuki; Jin Xuan; Hong Yu; Mengku Da Ye Zhong; Mi Lan Xiang; Tong Tian Xiang; Benihikari; Bai Ji Guan; Koshun; Qi Lan; Huangshan Qunti Zhong; Oku Yutaka; Rou Gui; Ying Xiang; Zhenghe Da Bai; Ya Shi Xiang; Wu Yi; Yutakamidori; Zairai; Qing Xin; Qing Xin Da Mao; Samidori; Asahi; Bai Wen; Komakage; Meiryoku; Mei Zhan; Liu An Gua Pian; Fo Shou; Ju Duo Zai; Long Jing #43; Da Yeh Oolong; Bi Luo Chun Qunti; Gui Hua Xiang; Que She; Huang Jin Gui; Mengding Ganlu; Ban Tian Yao; Ba Xian; Qing Xin Gan Zhi; Asatsuyu
020bfb6f-eeee-4ddc-bd5a-05098bb89b57,Uji,Japan,Kyoto,50-300m,Famous for high-grade Matcha and Gyokuro production,Da Hong Pao; English Breakfast; Ti Kuan Yin; Sencha; Matcha; Sheng; Darjeeling; Earl Grey,Shizu-7132; Yiwu Da Ye Zhong; Shi Da Cha; Wuyi Cai Cha; Mao Xie; Si Ji Chun; Ujihikari; Long Jing Qunti Zhong; Saemidori; Xing Ren Xiang; Okuhikari; Kirari 31; Okumidori; Chin Hsin; Inzatsu 131; Bei Dou; Hong Yun; Huang Guan Yin; Da Hong Pao; Zhi Lan Xiang; Anji Bai Cha; Tie Guan Yin; Fuding Da Bai; Kanayamidori; Shui Jin Gui; Cui Yu; Sofu; Shui Xian; Taiwanese Wild Tea; Qi Men Zhong; Tie Luo Han; Da Ye Zhong; Zi Juan; Song Zhong; Goko; Ben Shan; Benifuki; Jin Xuan; Hong Yu; Mengku Da Ye Zhong; Mi Lan Xiang; Tong Tian Xiang; Benihikari; Bai Ji Guan; Koshun; Qi Lan; Huangshan Qunti Zhong; Oku Yutaka; Rou Gui; Ying Xiang; Zhenghe Da Bai; Ya Shi Xiang; Wu Yi; Yutakamidori; Zairai; Qing Xin; Qing Xin Da Mao; Samidori; Asahi; Bai Wen; Komakage; Meiryoku; Mei Zhan; Liu An Gua Pian; Fo Shou; Ju Duo Zai; Long Jing #43; Da Yeh Oolong; Bi Luo Chun Qunti; Gui Hua Xiang; Que She; Huang Jin Gui; Mengding Ganlu; Ban Tian Yao; Ba Xian; Qing Xin Gan Zhi; Asatsuyu
b526fae9-18ed-46d1-a8e2-48980faec1fb,Darjeeling,India,West Bengal,2000-2500m,"High altitude Himalayan foothills, famous for muscatel flavor",Da Hong Pao; English Breakfast; Ti Kuan Yin; Sencha; Matcha; Sheng; Darjeeling; Earl Grey,Shizu-7132; Yiwu Da Ye Zhong; Shi Da Cha; Wuyi Cai Cha; Mao Xie; Si Ji Chun; Ujihikari; Long Jing Qunti Zhong; Saemidori; Xing Ren Xiang; Okuhikari; Kirari 31; Okumidori; Chin Hsin; Inzatsu 131; Bei Dou; Hong Yun; Huang Guan Yin; Da Hong Pao; Zhi Lan Xiang; Anji Bai Cha; Tie Guan Yin; Fuding Da Bai; Kanayamidori; Shui Jin Gui; Cui Yu; Sofu; Shui Xian; Taiwanese Wild Tea; Qi Men Zhong; Tie Luo Han; Da Ye Zhong; Zi Juan; Song Zhong; Goko; Ben Shan; Benifuki; Jin Xuan; Hong Yu; Mengku Da Ye Zhong; Mi Lan Xiang; Tong Tian Xiang; Benihikari; Bai Ji Guan; Koshun; Qi Lan; Huangshan Qunti Zhong; Oku Yutaka; Rou Gui; Ying Xiang; Zhenghe Da Bai; Ya Shi Xiang; Wu Yi; Yutakamidori; Zairai; Qing Xin; Qing Xin Da Mao; Samidori; Asahi; Bai Wen; Komakage; Meiryoku; Mei Zhan; Liu An Gua Pian; Fo Shou; Ju Duo Zai; Long Jing #43; Da Yeh Oolong; Bi Luo Chun Qunti; Gui Hua Xiang; Que She; Huang Jin Gui; Mengding Ganlu; Ban Tian Yao; Ba Xian; Qing Xin Gan Zhi; Asatsuyu
c17d55d5-b856-484f-ba46-1b0222ac6987,Ceylon,Sri Lanka,Central Highlands,1000-2500m,"High altitude tropical climate, produces bright citrusy black tea",Da Hong Pao; English Breakfast; Ti Kuan Yin; Sencha; Matcha; Sheng; Darjeeling; Earl Grey,Shizu-7132; Yiwu Da Ye Zhong; Shi Da Cha; Wuyi Cai Cha; Mao Xie; Si Ji Chun; Ujihikari; Long Jing Qunti Zhong; Saemidori; Xing Ren Xiang; Okuhikari; Kirari 31; Okumidori; Chin Hsin; Inzatsu 131; Bei Dou; Hong Yun; Huang Guan Yin; Da Hong Pao; Zhi Lan Xiang; Anji Bai Cha; Tie Guan Yin; Fuding Da Bai; Kanayamidori; Shui Jin Gui; Cui Yu; Sofu; Shui Xian; Taiwanese Wild Tea; Qi Men Zhong; Tie Luo Han; Da Ye Zhong; Zi Juan; Song Zhong; Goko; Ben Shan; Benifuki; Jin Xuan; Hong Yu; Mengku Da Ye Zhong; Mi Lan Xiang; Tong Tian Xiang; Benihikari; Bai Ji Guan; Koshun; Qi Lan; Huangshan Qunti Zhong; Oku Yutaka; Rou Gui; Ying Xiang; Zhenghe Da Bai; Ya Shi Xiang; Wu Yi; Yutakamidori; Zairai; Qing Xin; Qing Xin Da Mao; Samidori; Asahi; Bai Wen; Komakage; Meiryoku; Mei Zhan; Liu An Gua Pian; Fo Shou; Ju Duo Zai; Long Jing #43; Da Yeh Oolong; Bi Luo Chun Qunti; Gui Hua Xiang; Que She; Huang Jin Gui; Mengding Ganlu; Ban Tian Yao; Ba Xian; Qing Xin Gan Zhi; Asatsuyu
eefd5fac-1a9c-4177-8ba8-82ba97696e20,Bergamot,Italy,Calabria,200-600m,Mediterranean climate ideal for bergamot citrus cultivation,Da Hong Pao; English Breakfast; Ti Kuan Yin; Sencha; Matcha; Sheng; Darjeeling; Earl Grey,Shizu-7132; Yiwu Da Ye Zhong; Shi Da Cha; Wuyi Cai Cha; Mao Xie; Si Ji Chun; Ujihikari; Long Jing Qunti Zhong; Saemidori; Xing Ren Xiang; Okuhikari; Kirari 31; Okumidori; Chin Hsin; Inzatsu 131; Bei Dou; Hong Yun; Huang Guan Yin; Da Hong Pao; Zhi Lan Xiang; Anji Bai Cha; Tie Guan Yin; Fuding Da Bai; Kanayamidori; Shui Jin Gui; Cui Yu; Sofu; Shui Xian; Taiwanese Wild Tea; Qi Men Zhong; Tie Luo Han; Da Ye Zhong; Zi Juan; Song Zhong; Goko; Ben Shan; Benifuki; Jin Xuan; Hong Yu; Mengku Da Ye Zhong; Mi Lan Xiang; Tong Tian Xiang; Benihikari; Bai Ji Guan; Koshun; Qi Lan; Huangshan Qunti Zhong; Oku Yutaka; Rou Gui; Ying Xiang; Zhenghe Da Bai; Ya Shi Xiang; Wu Yi; Yutakamidori; Zairai; Qing Xin; Qing Xin Da Mao; Samidori; Asahi; Bai Wen; Komakage; Meiryoku; Mei Zhan; Liu An Gua Pian; Fo Shou; Ju Duo Zai; Long Jing #43; Da Yeh Oolong; Bi Luo Chun Qunti; Gui Hua Xiang; Que She; Huang Jin Gui; Mengding Ganlu; Ban Tian Yao; Ba Xian; Qing Xin Gan Zhi; Asatsuyu
c43f6ce2-168a-4ff8-971b-490318031efc,Anhua,China,Hunan,,"Wild tea mountains at various elevations; the county's microbial environment is central to Anhua dark tea (heicha) character.",,
e4378fdf-6235-476d-939b-ed473b5a4775,Banzhang,China,Yunnan,,,,
5106b86d-d5ff-41f7-adf3-f50cb0795818,Bulang Mountain,China,Yunnan,,,,
59ff1c59-1afd-4319-bfc6-edcd0afd6eb5,Cangwu,China,Guangxi,,"Centered dark-tea tradition along the Xijiang river system; warm, humid climate and soil conditions support the microbial cultures that define liu bao and Liao Fu character.",,
1e148b37-16e7-4963-8ef4-7ff274f2ec6d,Da Xue Shan,China,Yunnan,2000-2800m,"Dense subtropical forest; wild trees grow in deep forest shade with no pruning, fertilizing, or managed picking paths; ancient forest-floor soil rich in organic matter from leaf fall.",,
f6e89531-a376-47a1-bc91-7a40bd4eab7e,Dali,China,Yunnan,,"Named as one endpoint of wild-tea forests between Dali and Lincang in western Yunnan; exact grove unrecorded.",,
b23e9d1c-7217-428a-9dba-2410acb20c07,Kunlu Mountain,China,Yunnan,,,,
df1ba1f7-59ed-4794-9f6e-c98c82796025,Muzha,Taiwan,Taipei,,"Tea-growing district of southern Taipei established by Fujian immigrants bringing Tie Guan Yin cuttings; distinct local microclimate and soil composition from the mainland origin.",,
7e8e697e-4d1c-4a02-98fc-457af86f47cb,Wuzhou,China,Guangxi,,"City on the Xijiang river; consistent subtropical heat and humidity supports liu bao's slow post-fermentation aging.",,
cf9db991-5e5f-4492-b8b6-af14981af11c,Beipu,Taiwan,Hsinchu,,"Hakka settlement in northwestern Taiwan at moderate elevation; warm, humid conditions and rolling hills, producing fuller-bodied oolong with less high-mountain floral character than central mountain regions; also known for Oriental Beauty.",,
de2f7d4b-808d-492f-a8ed-451361c9826f,Naka,China,Yunnan,1600m (approx.),"Village on Nannuo Mountain (one of the ancient six tea mountains) in Menghai county, Xishuangbanna; ancient gardens cultivated by the Lahu ethnic minority.",,
0bfcee13-c0ae-4b96-b791-3859d53a0d05,Pasha,China,Yunnan,1700m (approx.),"Village in Menghai county, Xishuangbanna, with ancient tea gardens tended by the Hani ethnic minority.",,
1ad16e06-7869-4355-af65-56c205f3c447,Mahei,China,Yunnan,1300m (approx.),"Village within the Yiwu tea region, Xishuangbanna; ancient tea forests, source of some of the most sought-after raw material in the pu-erh world.",,
d3a2d69b-6a4d-4d47-86a8-78461a5b41b3,Xiniu Tang,China,Yunnan,,"Named micro-origin within the greater Yiwu tea area, Xishuangbanna; each named micro-origin carries slightly different soil, elevation, and microclimate.",,
